,Status,Brkr Code,Side,Security,Exch Code,Qty,LmtPx,TIF,FillQty,AvgPx,Data Export Restricted,Data Export Restricted,Data Export Restricted,Data Export Restricted,AvgPx Vs OMS Benchmark Px (Bps),FillQty % Avg Vol 20D,Avg Vol 20D,Data Export Restricted,Volatil 30D,Bid Ask Sprd,Handling Inst,% Filled,GICS Sector,Working Qty,Curncy,Strategy Name,Data Export Restricted,Create Time (As of)
MODR,Filled,CICF,Buy,3905,JP,6000,MKT,GTD,6000,2246,,,,,,0.16701507867802,3592490,,176.6471,10,MAN,100,Information Technology,0,JPY,,,01/12/26
MODR,Filled,ICBI,Buy,SPY,UP,43,MKT,DAY,43,688.81,,,,,,0.000396157748910059,10854262,,14.9237476209207,0.02,MAN,100,,0,USD,NONE,,01/08/26
MODR,Filled,ICBI,Buy,QQQ,UQ,48,MKT,DAY,48,623.04,,,,,,0.000440856808881869,10887889,,26.6496390402537,0.06,AUTO,100,,0,USD,NONE,,01/08/26
MODR,Filled,ICBI,Buy,GLD,UP,244,MKT,DAY,244,406.93,,,,,,0.0123188344060249,1980706.875,,25.7418834475073,0.03,AUTO,100,,0,USD,NONE,,01/08/26
MODR,Filled,ICBI,Buy,COPX,UP,500,MKT,DAY,500,74.75,,,,,,0.0649733686344474,769546.0625,,61.5701222033281,0.07,MAN,100,,0,USD,NONE,,01/08/26
MODR,Filled,ICBI,Buy,3067,HK,65200,MKT,DAY,65200,11.93,,,,,,0.15063052273412,43284720,,28.23357,0.005,AUTO,100,,0,HKD,NONE,,01/08/26
MODR,Filled,BTIA,Buy,PAVE,UF,559,MKT,DAY,559,49.98,,,,,,0.355512944880588,157237.59375,,22.8223966938146,0.03,ANY,100,,0,USD,CARE,,01/07/26
MODR,Filled,ICBI,Buy,AVGO,UW,61,MKT,DAY,61,341.42,,,,,,0.000523349540010072,11655690,,68.0171356564077,0.58,AUTO,100,Information Technology,0,USD,NONE,,01/07/26
MODR,Filled,BTIA,Buy,PAVE,UF,559,MKT,DAY,559,49.98,,,,,,0.355512944880588,157237.59375,,22.8223966938146,0.03,ANY,100,,0,USD,CARE,,01/07/26
MODR,Filled,ICBI,Buy,INFL,UP,220,MKT,DAY,220,45.21,,,,,,0.5256392391932,41853.80078125,,16.7350005960293,0.13,AUTO,100,,0,USD,NONE,,01/07/26
MODR,Filled,ICBI,Buy,SPY,US,43,MKT,DAY,43,687.86,,,,,,7.32766424328881E-05,58681728,,14.9237476209207,0.02,AUTO,100,,0,USD,NONE,,01/06/26
MODR,Filled,ICBI,Sell,TMF,UP,3300,MKT,DAY,3300,37.21,,,,,,0.364418030272233,905553.4375,,28.0596354237834,0.02,AUTO,100,,0,USD,NONE,,01/06/26
MODR,Filled,ICBI,Buy,COPX,UP,500,MKT,DAY,500,77.66,,,,,,0.0649733686344474,769546.0625,,61.5701222033281,0.07,AUTO,100,,0,USD,NONE,,01/06/26
MODR,Filled,ICBI,Buy,MSFT,UW,63,MKT,DAY,63,473.9,,,,,,0.000501451343459785,12563532,,35.5249743262538,0.04,AUTO,100,Information Technology,0,USD,NONE,,01/06/26
MODR,Filled,CICF,Buy,300308,C2,3900,MKT,DAY,3900,611.864615,,,,,,0.0128033617031754,30460750,,63.73666,1.12,MAN,100,Information Technology,0,CNY,,,01/06/26
MODR,Filled,CICF,Buy,002281,C2,34500,MKT,DAY,34500,70.405014,,,,,,0.0552117402244413,62486710,,83.05706,0.1,MAN,100,Information Technology,0,CNY,,,01/06/26
MODR,Filled,CICF,Buy,300394,C2,12000,MKT,DAY,12000,200.8555,,,,,,0.0183325758414843,65457250,,89.04206,0.06,MAN,100,Information Technology,0,CNY,,,01/06/26
MODR,Filled,BTIA,Buy,CSSMI,SW,583,137,OPG,583,137,,,,,,2.8726074948941,20295.15,,10.25887,0.058,ANY,100,,0,CHF,CARE,,01/05/26
MODR,Filled,BTIA,Buy,ZGLDHC,SW,87,MKT,OPG,87,911.8,,,,,,1.46175494602428,5951.75,,28.66129,1.7,ANY,100,,0,CHF,CARE,,01/05/26
MODR,Filled,ICBI,Buy,3067,HK,50000,12.05,DAY,50000,12.02,,,,,,0.115514204550705,43284720,,28.23357,0.005,MAN,100,,0,HKD,NONE,,01/05/26
MODR,Filled,BTIA,Buy,PAVE,US,1040,MKT,DAY,1040,48.08,,,,,,0.0577419617220763,1801116.5,,22.8223966938146,0.01,MAN,100,,0,USD,CARE,,01/02/26
MODR,Filled,BTIA,Buy,PAVE,US,816,MKT,GTD,816,48.66,,,,,,0.0453052315050137,1801116.5,,22.8223966938146,0.01,MAN,100,,0,USD,CARE,,12/30/25
MODR,Filled,ICBI,Buy,9988,HK,1600,145.5,DAY,1600,145.3,,,,,,0.00173199930416928,92378790,,40.85373,0.05,AUTO,100,Consumer Discretionary,0,HKD,NONE,,12/30/25
MODR,Filled,BTIA,Buy,SES,UN,1522,MKT,DAY,1522,1.91,,,,,,0.0965779702921214,1575928.75,,91.4161830167081,0.01,MAN,100,Industrials,0,USD,CARE,,12/29/25
MODR,Filled,BTIA,Buy,REKR,UR,1930,MKT,DAY,1930,1.53,,,,,,0.443923945535075,434759.15625,,68.3995713704744,0.0014,MAN,100,Information Technology,0,USD,CARE,,12/29/25
MODR,Filled,BTIA,Buy,RZLV,UQ,1070,MKT,DAY,1070,2.77,,,,,,0.0421919257469425,2536030.25,,82.4698325151124,0.01,MAN,100,Information Technology,0,USD,CARE,,12/29/25
MODR,Filled,BTIA,Sell,ERX,UP,250,MKT,DAY,250,55.22576,,,,,,0.244645325439444,102188.75,,53.4796594958816,0.08,ANY,100,,0,USD,CARE,,12/23/25
MODR,Filled,BTIA,Sell,SRPT,UW,1000,MKT,DAY,1000,21.18,,,,,,0.088521093580738,1129674.25,,53.5640037920965,0.02,ANY,100,Health Care,0,USD,CARE,,12/23/25
MODR,Filled,BTIA,Sell,NDM,CT,2500,MKT,DAY,2500,3.19,,,,,,0.198110972257332,1261919,,85.66816,0.04,ANY,100,Materials,0,CAD,CARE,,12/23/25
MODR,Filled,BTIA,Buy,PAVE,UF,1425,MKT,DAY,1425,49.02,,,,,,0.906271818344969,157237.59375,,22.8223966938146,0.03,MAN,100,,0,USD,CARE,,12/23/25
MODR,Filled,BTIA,Sell,TRVI,UQ,2000,MKT,DAY,2000,12.64,,,,,,0.426246160621009,469212.4375,,52.1441930751928,0.02,MAN,100,Health Care,0,USD,CARE,,12/23/25
MODR,Filled,BTIA,Sell,TNA,UP,1000,MKT,DAY,1000,49.25,,,,,,0.0496986614845872,2012126.625,,68.7020491633464,0.01,ANY,100,,0,USD,CARE,,12/23/25
MODR,Filled,BTIA,Buy,FOUR,US,2300,43.5,GTD,2300,43.5,,,,,,0.136053476114555,1690511.75,,58.5351672280912,0.04,ANY,100,Financials,0,USD,CARE,,03/25/26
MODR,Filled,BTIA,Buy,HRMY,US,3600,27.6,GTD,3600,27.6,,,,,,0.445498378107467,808083.75,,35.5705674542198,0.01,ANY,100,Health Care,0,USD,CARE,,03/25/26
MODR,Filled,ICBI,Buy,SMH,UQ,127,MKT,DAY,127,387.89,,,,,,0.0050824182145865,2498810.5,,55.8821326962082,0.89,AUTO,100,,0,USD,NONE,,03/24/26
MODR,Filled,ICBI,Buy,GDX,UP,1199,MKT,DAY,1199,82.04,,,,,,0.0143106278731286,8378388.5,,58.1860535473364,0.05,AUTO,100,,0,USD,NONE,,03/24/26
MODR,Filled,BTIA,Buy,PAVE,UF,597,MKT,DAY,597,49.74,,,,,,0.379680193369787,157237.59375,,22.8223966938146,0.03,ANY,100,,0,USD,CARE,,03/24/26
MODR,Filled,BTIA,Buy,PAVE,UF,996,MKT,DAY,996,49.74,,,,,,0.633436302506378,157237.59375,,22.8223966938146,0.03,ANY,100,,0,USD,CARE,,03/24/26
MODR,Filled,ICBI,Sell,ASML,UW,66,1400,GTC,66,1400,,,,,,0.0103528914419921,637503.0625,,57.7324724148431,1.14,MAN,100,Information Technology,0,USD,NONE,,03/24/26
MODR,Filled,ICBI,Buy,INFL,UP,1670,MKT,DAY,1670,50.8646,,,,,,3.9900796793302,41853.80078125,,16.7350005960293,0.13,AUTO,100,,0,USD,NONE,,03/23/26
MODR,Filled,BTIA,Buy,SRUUF,UV,535,MKT,DAY,535,18.8793,,,,,,0.150499712670379,355482.40625,,29.0221168134432,,ANY,100,,0,USD,CARE,,03/23/26
MODR,Filled,ICBI,Buy,GDX,UP,1035,MKT,DAY,1035,81.765,,,,,,0.0123532108829759,8378388.5,,58.1860535473364,0.05,AUTO,100,,0,USD,NONE,,03/23/26
MODR,Filled,ICBI,Sell,MCHI,UQ,200,MKT,GTC,200,55.5,,,,,,0.0286513735781868,698046.8125,,22.6147359162623,0.01,MAN,100,,0,USD,NONE,,03/23/26
MODR,Filled,BTIA,Sell,URNM,UP,482,MKT,DAY,482,61.26,,,,,,0.267607549642033,180114.5,,59.4282789730494,0.15,ANY,100,,0,USD,CARE,,03/20/26
MODR,Filled,BTIA,Buy,SRUUF,UV,5165,MKT,DAY,5165,19.418925,,,,,,1.452955169986,355482.40625,,29.0221168134432,,ANY,100,,0,USD,CARE,,03/20/26
MODR,Filled,BTIA,Buy,ISRG,UW,62,MKT,DAY,62,480.3,,,,,,0.0066368214870307,934182.125,,38.4410178463567,0.07,ANY,100,Health Care,0,USD,CARE,,03/20/26
MODR,Filled,BTIA,Buy,PAVE,UF,140,MKT,DAY,140,49.86,,,,,,0.0890372312759969,157237.59375,,22.8223966938146,0.03,ANY,100,,0,USD,CARE,,03/20/26
MODR,Filled,ICBI,Sell,ITOT,UP,320,MKT,DAY,320,143.65,,,,,,0.056504308012046,566328.5,,15.3126335634769,0.04,AUTO,100,,0,USD,NONE,,03/20/26
MODR,Filled,ICBI,Sell,PTGX,UQ,150,MKT,GTD,150,101.47,,,,,,0.0555090795507558,270226.0625,,51.5139926166197,0.08,MAN,100,Health Care,0,USD,NONE,,03/20/26
MODR,Filled,ICBI,Sell,SLGL,US,289,85,GTD,289,85,,,,,,0.676674715959239,42708.8515625,,76.538827122618,2.84,MAN,100,Health Care,0,USD,NONE,,03/20/26
MODR,Filled,ICBI,Buy,TIP,UP,2800,MKT,DAY,2800,110.72,,,,,,0.518544685819794,539972.75,,5.14215177806949,0.01,AUTO,100,,0,USD,NONE,,03/20/26
MODR,Filled,ICBI,Buy,INFL,UP,140,MKT,DAY,140,51.4,,,,,,0.3344976976684,41853.80078125,,16.7350005960293,0.13,AUTO,100,,0,USD,NONE,,03/20/26
MODR,Filled,ICBI,Buy,SPY,UP,9,MKT,DAY,9,656.43,,,,,,8.29167381439659E-05,10854262,,14.9237476209207,0.02,AUTO,100,,0,USD,NONE,,03/20/26
MODR,Filled,ICBI,Buy,9988,HK,11100,MKT,DAY,11100,126.3,,,,,,0.0120157451726744,92378790,,40.85373,0.05,AUTO,100,Consumer Discretionary,0,HKD,NONE,,03/20/26
MODR,Filled,ICBI,Buy,9888,HK,10200,MKT,DAY,10200,116.6,,,,,,0.0738440153769303,13812900,,43.16741,0.1,AUTO,100,Communication Services,0,HKD,NONE,,03/20/26
MODR,Filled,ICBI,Sell,GLD,UP,170,MKT,DAY,170,420.53,,,,,,0.00858279446321405,1980706.875,,25.7418834475073,0.03,AUTO,100,,0,USD,NONE,,03/19/26
MODR,Filled,ICBI,Sell,COPX,UP,200,MKT,DAY,200,69.62,,,,,,0.025989347453779,769546.0625,,61.5701222033281,0.07,AUTO,100,,0,USD,NONE,,03/19/26
MODR,Filled,ICBI,Buy,MSFT,UW,25,MKT,DAY,25,389.99,,,,,,0.000198988628357058,12563532,,35.5249743262538,0.04,AUTO,100,Information Technology,0,USD,NONE,,03/19/26
MODR,Filled,ICBI,Buy,SPY,UP,152,655,GTC,152,655,,,,,,0.00140037157754254,10854262,,14.9237476209207,0.02,MAN,100,,0,USD,NONE,,03/19/26
MODR,Filled,BTIA,Buy,SRUUF,UV,495,MKT,DAY,495,20.1799,,,,,,0.13924739770437,355482.40625,,29.0221168134432,,ANY,100,,0,USD,CARE,,03/18/26
MODR,Filled,ICBI,Sell,RSP,UP,2813,MKT,DAY,2813,195.25,,,,,,0.117192573373727,2400322.75,,12.1555419985634,0.02,AUTO,100,,0,USD,NONE,,03/16/26
MODR,Filled,ICBI,Sell,SPY,UP,487,MKT,GTC,487,671.18,,,,,,0.00448671683067905,10854262,,14.9237476209207,0.02,MAN,100,,0,USD,NONE,,03/12/26
MODR,Filled,ICBI,Sell,VOO,UP,275,MKT,GTC,275,617.26,,,,,,0.0242433565764678,1134331.375,,14.9497810328303,0.06,MAN,100,,0,USD,NONE,,03/12/26
MODR,Filled,ICBI,Buy,SMH,UQ,125,MKT,DAY,125,394,,,,,,0.00500238013246703,2498810.5,,55.8821326962082,0.89,AUTO,100,,0,USD,NONE,,03/10/26
MODR,Filled,BTIA,Buy,PAVE,UF,573,MKT,DAY,573,52.2,,,,,,0.364416668008187,157237.59375,,22.8223966938146,0.03,ANY,100,,0,USD,CARE,,03/10/26
MODR,Filled,ICBI,Buy,SPOT,US,50,MKT,DAY,50,547.07,,,,,,0.00231148616772005,2163110.5,,51.7706901882947,0.47,AUTO,100,Communication Services,0,USD,NONE,,03/10/26
MODR,Filled,ICBI,Sell,SPY,UP,734,MKT,DAY,734,677.74,,,,,,0.00676232064418567,10854262,,14.9237476209207,0.02,AUTO,100,,0,USD,NONE,,03/10/26
MODR,Filled,ICBI,Buy,SPY,UP,73,MKT,DAY,73,677.74,,,,,,0.000672546876056613,10854262,,14.9237476209207,0.02,AUTO,100,,0,USD,NONE,,03/10/26
MODR,Filled,ICBI,Buy,9988,HK,1200,MKT,DAY,1200,131.6,,,,,,0.00129899947812696,92378790,,40.85373,0.05,AUTO,100,Consumer Discretionary,0,HKD,NONE,,03/10/26
MODR,Filled,ICBI,Buy,GOOG,UW,285,MKT,DAY,285,294.5,,,,,,0.0033855363235974,8418164,,32.7753573050057,0.06,AUTO,100,Communication Services,0,USD,NONE,,03/09/26
MODR,Filled,ICBI,Sell,MSFT,UW,71,MKT,DAY,71,404.87,,,,,,0.000565127704534043,12563532,,35.5249743262538,0.04,AUTO,100,Information Technology,0,USD,NONE,,03/09/26
MODR,Filled,BTIA,Buy,PAVE,UF,600,50,GTC,600,50,,,,,,0.381588134039987,157237.59375,,22.8223966938146,0.03,ANY,100,,0,USD,CARE,,03/09/26
MODR,Filled,BTIA,Buy,EOS,AU,480,MKT,DAY,480,9.257396,,,,,,0.0118399329859793,4054077,,102.8554,0.01,MAN,100,Industrials,0,AUD,CARE,,03/09/26
MODR,Filled,BTIA,Buy,EOS,AU,46000,MKT,DAY,46000,9.251576,,,,,,1.13466024448968,4054077,,102.8554,0.01,MAN,100,Industrials,0,AUD,CARE,,03/09/26
MODR,Filled,BTIA,Sell,XLE,UP,500,MKT,DAY,500,56.45,,,,,,0.00510636715984982,9791697,,26.2914103297151,0.01,ANY,100,,0,USD,CARE,,03/05/26
MODR,Filled,BTIA,Buy,IGOV,UQ,14250,MKT,DAY,14250,42.218406,,,,,,31.4965497550081,45243.05078125,,9.2061340868364,0.02,ANY,100,,0,USD,CARE,,03/04/26
MODR,Filled,ICBI,Buy,SMH,UQ,190,MKT,DAY,190,396.13,,,,,,0.00760361780134988,2498810.5,,55.8821326962082,0.89,AUTO,100,,0,USD,NONE,,03/04/26
MODR,Filled,ICBI,Sell,FNV,UN,51,MKT,DAY,51,265.83,,,,,,0.0242976787230498,209896.59375,,44.5168248784036,0.14,MAN,100,Materials,0,USD,NONE,,03/04/26
MODR,Filled,ICBI,Sell,GLD,UP,26,MKT,DAY,26,474.82,,,,,,0.00131266268260921,1980706.875,,25.7418834475073,0.03,AUTO,100,,0,USD,NONE,,03/04/26
MODR,Filled,ICBI,Sell,URNM,UP,98,MKT,DAY,98,70.35,,,,,,0.0544098337446458,180114.5,,59.4282789730494,0.15,MAN,100,,0,USD,NONE,,03/04/26
MODR,Filled,ICBI,Sell,SPY,UP,14,MKT,DAY,14,681.58,,,,,,0.000128981592668391,10854262,,14.9237476209207,0.02,AUTO,100,,0,USD,NONE,,03/04/26
MODR,Filled,ICBI,Sell,3067,HK,4800,MKT,DAY,4800,10,,,,,,0.0110893636368677,43284720,,28.23357,0.005,AUTO,100,,0,HKD,NONE,,03/04/26
MODR,Filled,ICBI,Sell,DG,UN,4400,MKT,DAY,4400,150.41,,,,,,0.397563073889921,1106742.625,,46.2550033535482,0.04,AUTO,100,Consumer Staples,0,USD,NONE,,03/03/26
MODR,Filled,ICBI,Sell,DLTR,UW,5400,MKT,DAY,5400,117.59,,,,,,0.387371578923866,1394010.375,,65.3602941719959,0.02,AUTO,100,Consumer Staples,0,USD,NONE,,03/03/26
MODR,Filled,ICBI,Buy,9988,HK,1200,MKT,DAY,1200,137.6,,,,,,0.00129899947812696,92378790,,40.85373,0.05,AUTO,100,Consumer Discretionary,0,HKD,NONE,,03/03/26
MODR,Filled,ICBI,Buy,9988,HK,800,MKT,DAY,800,137.4,,,,,,0.00086599965208464,92378790,,40.85373,0.05,AUTO,100,Consumer Discretionary,0,HKD,NONE,,03/03/26
MODR,Filled,ICBI,Buy,9988,HK,1800,MKT,DAY,1800,137.4,,,,,,0.00194849921719044,92378790,,40.85373,0.05,AUTO,100,Consumer Discretionary,0,HKD,NONE,,03/03/26
MODR,Filled,ICBI,Buy,9888,HK,1500,MKT,DAY,1500,118.7,,,,,,0.0108594140260192,13812900,,43.16741,0.1,AUTO,100,Communication Services,0,HKD,NONE,,03/03/26
MODR,Filled,ICBI,Buy,GLD,UP,325,480,GTC,325,475.02,,,,,,0.0164082835326151,1980706.875,,25.7418834475073,0.03,MAN,100,,0,USD,NONE,,02/26/26
MODR,Filled,BTIA,Buy,PYPL,US,500,MKT,DAY,500,47.34,,,,,,0.00299629597891087,16687270,,26.6539513405267,0.01,ANY,100,Financials,0,USD,CARE,,02/25/26
MODR,Filled,BTIA,Sell,TMF,UP,500,MKT,DAY,500,40.36,,,,,,0.0552148530715505,905553.4375,,28.0596354237834,0.02,ANY,100,,0,USD,CARE,,02/25/26
MODR,Filled,BTIA,Buy,INFL,UP,207,MKT,DAY,207,53.47,,,,,,0.49457873869542,41853.80078125,,16.7350005960293,0.13,ANY,100,,0,USD,CARE,,02/25/26
MODR,Filled,ICBI,Buy,SMH,US,71,MKT,DAY,71,424.14,,,,,,0.000639819769079133,11096875,,55.8821326962082,0.48,AUTO,100,,0,USD,NONE,,02/25/26
MODR,Filled,BTIA,Buy,COWZ,UF,311,MKT,DAY,311,64.24,,,,,,0.353880187625483,87882.8515625,,12.2724471353339,0.02,ANY,100,,0,USD,CARE,,02/25/26
MODR,Filled,ICBI,Sell,GOOG,UW,80,MKT,DAY,80,310.5,,,,,,0.000950325985571201,8418164,,32.7753573050057,0.06,AUTO,100,Communication Services,0,USD,NONE,,02/24/26
MODR,Filled,BTIA,Buy,XLE,UP,200,MKT,DAY,200,55.11,,,,,,0.00204254686393993,9791697,,26.2914103297151,0.01,ANY,100,,0,USD,CARE,,02/24/26
MODR,Filled,ICBI,Buy,KO,UN,250,MKT,DAY,250,80.7,,,,,,0.004034070793747,6197214,,21.9640427680401,0.01,AUTO,100,Consumer Staples,0,USD,NONE,,02/24/26
MODR,Filled,ICBI,Buy,MSFT,UW,20,MKT,DAY,20,384,,,,,,0.000159190902685646,12563532,,35.5249743262538,0.04,AUTO,100,Information Technology,0,USD,NONE,,02/24/26
MODR,Filled,BTIA,Buy,FDMT,US,1000,9,GTD,1000,9,,,,,,0.11152961048423,896622.875,,90.4508722750569,0.03,ANY,100,Health Care,0,USD,CARE,,02/23/26
MODR,Filled,BTIA,Buy,OCS,UQ,500,29,GTD,500,29,,,,,,0.153823716290614,325047.40625,,172.315492020922,0.08,ANY,100,Health Care,0,USD,CARE,,02/23/26
MODR,Filled,BTIA,Sell,TNA,UP,400,MKT,GTD,400,53.89,,,,,,0.0198794645938349,2012126.625,,68.7020491633464,0.01,ANY,100,,0,USD,CARE,,02/20/26
MODR,Filled,BTIA,Sell,IONS,UW,250,MKT,GTD,250,82.85,,,,,,0.0366516550650434,682097.4375,,25.0228701533766,0.08,ANY,100,Health Care,0,USD,CARE,,02/20/26
MODR,Filled,BTIA,Sell,BTAI,UR,62,MKT,GTD,62,1.59,,,,,,0.0403849187569017,153522.65625,,69.8579506175011,0.01,ANY,100,Health Care,0,USD,CARE,,02/20/26
MODR,Filled,ICBI,Sell,BRK/B,US,40,MKT,GTD,40,495.8,,,,,,0.000710954890623145,5626236,,13.2341656602836,0.13,MAN,100,Financials,0,USD,NONE,,02/20/26
MODR,Filled,ICBI,Buy,ISRG,UW,64,MKT,DAY,64,497.15,,,,,,0.00685091250274137,934182.125,,38.4410178463567,0.07,AUTO,100,Health Care,0,USD,NONE,,02/20/26
MODR,Filled,ICBI,Buy,SMH,US,116,MKT,DAY,116,407.51,,,,,,0.0010453393410307,11096875,,55.8821326962082,0.48,AUTO,100,,0,USD,NONE,,02/20/26
MODR,Filled,ICBI,Buy,SMH,US,77,MKT,DAY,77,407.51,,,,,,0.000693889045339341,11096875,,55.8821326962082,0.48,AUTO,100,,0,USD,NONE,,02/20/26
MODR,Filled,ICBI,Buy,ISRG,UW,87,MKT,DAY,87,497.15,,,,,,0.00931295918341405,934182.125,,38.4410178463567,0.07,AUTO,100,Health Care,0,USD,NONE,,02/20/26
MODR,Filled,ICBI,Buy,MSFT,UW,55,MKT,DAY,55,396.31,,,,,,0.000437774982385527,12563532,,35.5249743262538,0.04,AUTO,100,Information Technology,0,USD,NONE,,02/20/26
MODR,Filled,ICBI,Buy,INFL,UP,1373,MKT,DAY,1373,52.16013474,,,,,,3.28046670641938,41853.80078125,,16.7350005960293,0.13,MAN,100,,0,USD,NONE,,02/20/26
MODR,Filled,ICBI,Buy,ISRG,UW,378,MKT,DAY,378,501.70392857,,,,,,0.0404632019693162,934182.125,,38.4410178463567,0.07,MAN,100,Health Care,0,USD,NONE,,02/20/26
MODR,Filled,BTIA,Buy,PAVE,UF,4654,MKT,DAY,4654,55.455479,,,,,,2.9598519597035,157237.59375,,22.8223966938146,0.03,ANY,100,,0,USD,CARE,,02/20/26
MODR,Filled,ICBI,Buy,SRUUF,UV,2064,MKT,DAY,2064,21.3691376,,,,,,0.580619452246098,355482.40625,,29.0221168134432,,MAN,100,,0,USD,NONE,,02/20/26
MODR,Filled,ICBI,Buy,INFL,UP,385,MKT,DAY,385,52.16498701,,,,,,0.9198686685881,41853.80078125,,16.7350005960293,0.13,MAN,100,,0,USD,NONE,,02/20/26
MODR,Filled,ICBI,Sell,TIP,UP,400,MKT,DAY,400,111.31,,,,,,0.0740778122599705,539972.75,,5.14215177806949,0.01,AUTO,100,,0,USD,NONE,,02/20/26
MODR,Filled,ICBI,Buy,CRM,UN,2000,MKT,DAY,2000,185.32,,,,,,0.0349868834174068,5716428,,53.8584991337967,0.04,AUTO,100,Information Technology,0,USD,NONE,,02/20/26
MODR,Filled,ICBI,Buy,AMZN,UW,2000,MKT,DAY,2000,204.76,,,,,,0.0136762320284909,14623911,,33.1024499736,0.02,AUTO,100,Consumer Discretionary,0,USD,NONE,,02/20/26
MODR,Filled,ICBI,Buy,ORCL,US,2500,MKT,DAY,2500,151.85,,,,,,0.0091836863640331,27222184,,74.3350026042792,0.04,AUTO,100,Information Technology,0,USD,NONE,,02/20/26
MODR,Filled,ICBI,Buy,9888,HK,700,MKT,DAY,700,129.7,,,,,,0.00506772654547561,13812900,,43.16741,0.1,AUTO,100,Communication Services,0,HKD,NONE,,02/20/26
MODR,Filled,ICBI,Buy,MSFT,UW,32,MKT,DAY,32,404.45,,,,,,0.000254705444297034,12563532,,35.5249743262538,0.04,AUTO,100,Information Technology,0,USD,NONE,,02/13/26
MODR,Filled,ICBI,Buy,MSFT,UW,37,MKT,DAY,37,404.34,,,,,,0.000294503169968445,12563532,,35.5249743262538,0.04,AUTO,100,Information Technology,0,USD,NONE,,02/12/26
MODR,Filled,ICBI,Buy,MSFT,UW,37,MKT,DAY,37,404.34,,,,,,0.000294503169968445,12563532,,35.5249743262538,0.04,AUTO,100,Information Technology,0,USD,NONE,,02/12/26
MODR,Filled,ICBI,Buy,MSFT,UW,27,MKT,DAY,27,404.34,,,,,,0.000214907718625622,12563532,,35.5249743262538,0.04,AUTO,100,Information Technology,0,USD,NONE,,02/12/26
MODR,Filled,ICBI,Sell,ASML,UW,17,1450,GTC,17,1450,,,,,,0.00266665385627069,637503.0625,,57.7324724148431,1.14,MAN,100,Information Technology,0,USD,NONE,,02/12/26
MODR,Filled,BTIA,Sell,URNM,UP,330,75,GTC,330,75.13,,,,,,0.183216787099317,180114.5,,59.4282789730494,0.15,ANY,100,,0,USD,CARE,,02/12/26
MODR,Filled,ICBI,Buy,INFL,UP,138,MKT,DAY,138,51.23,,,,,,0.32971915913028,41853.80078125,,16.7350005960293,0.13,AUTO,100,,0,USD,NONE,,02/12/26
MODR,Filled,ICBI,Buy,INFL,UP,972,MKT,DAY,972,51.23,,,,,,2.32236972952632,41853.80078125,,16.7350005960293,0.13,AUTO,100,,0,USD,NONE,,02/12/26
MODR,Filled,ICBI,Sell,TLT,UQ,588,MKT,DAY,588,88.36,,,,,,0.00751201875091864,7827456.5,,9.57929758935427,0.01,AUTO,100,,0,USD,NONE,,02/12/26
MODR,Filled,BTIA,Buy,MCHI,UQ,807,MKT,GTC,807,61.51,,,,,,0.115608292387984,698046.8125,,22.6147359162623,0.01,ANY,100,,0,USD,CARE,,02/12/26
MODR,Filled,ICBI,Sell,IEF,UQ,1397,MKT,DAY,1397,96.18,,,,,,0.093329691226199,1496844.125,,5.75734946920403,0.01,AUTO,100,,0,USD,NONE,,02/11/26
MODR,Filled,ICBI,Sell,IEF,UQ,200,MKT,DAY,200,96.18,,,,,,0.0133614446995274,1496844.125,,5.75734946920403,0.01,AUTO,100,,0,USD,NONE,,02/11/26
MODR,Filled,ICBI,Buy,3905,JT,2000,MKT,GTD,2000,1935,,,,,,0.0556716928926733,3592490,,176.6471,10,MAN,100,Information Technology,0,JPY,NONE,,02/11/26
MODR,Filled,ICBI,Buy,MSFT,UW,40,MKT,DAY,40,416.2,,,,,,0.000318381805371292,12563532,,35.5249743262538,0.04,AUTO,100,Information Technology,0,USD,NONE,,02/11/26
MODR,Filled,ICBI,Buy,MSFT,UW,38,MKT,DAY,38,416.2,,,,,,0.000302462715102727,12563532,,35.5249743262538,0.04,AUTO,100,Information Technology,0,USD,NONE,,02/11/26
MODR,Filled,ICBI,Buy,MSFT,UW,36,MKT,DAY,36,416.2,,,,,,0.000286543624834163,12563532,,35.5249743262538,0.04,AUTO,100,Information Technology,0,USD,NONE,,02/11/26
MODR,Filled,ICBI,Sell,IEF,UQ,330,MKT,DAY,330,96.18,,,,,,0.0220463837542202,1496844.125,,5.75734946920403,0.01,AUTO,100,,0,USD,NONE,,02/11/26
MODR,Filled,ICBI,Sell,TLT,UQ,2353,MKT,DAY,2353,88.02,,,,,,0.030060850545768,7827456.5,,9.57929758935427,0.01,AUTO,100,,0,USD,NONE,,02/11/26
MODR,Filled,BTIA,Buy,MCHI,UQ,1002,MKT,DAY,1002,61.87,,,,,,0.143543381626716,698046.8125,,22.6147359162623,0.01,ANY,100,,0,USD,CARE,,02/10/26
MODR,Filled,ICBI,Buy,GLDM,UP,3000,100,GTC,3000,100,,,,,,0.34373698678009,872760.3125,,25.6417676048973,0.01,MAN,100,,0,USD,NONE,,02/10/26
MODR,Filled,ICBI,Buy,NBIS,UW,1600,95,GTC,1600,92.8,,,,,,0.0313706944579649,5100301.5,,106.539927473037,0.32,MAN,100,Information Technology,0,USD,NONE,,02/10/26
MODR,Filled,ICBI,Buy,COPX,UP,1700,90,GTC,1700,88.58,,,,,,0.220909453357121,769546.0625,,61.5701222033281,0.07,MAN,100,,0,USD,NONE,,02/10/26
MODR,Filled,ICBI,Buy,MU,UW,650,390,GTC,650,376.59,,,,,,0.00440925990708129,14741703,,110.163922961562,1.19,MAN,100,Information Technology,0,USD,NONE,,02/10/26
MODR,Filled,BTIA,Buy,PAVE,UF,500,50,GTC,500,50,,,,,,0.317990111699989,157237.59375,,22.8223966938146,0.03,ANY,100,,0,USD,CARE,,02/10/26
MODR,Filled,ICBI,Buy,SHOP,UW,300,MKT,GTC,300,122.69,,,,,,0.0102615691067937,2923529.5,,57.2559259807873,0.03,MAN,100,Information Technology,0,USD,NONE,,02/10/26
MODR,Filled,ICBI,Buy,MSFT,UW,150,MKT,GTC,150,419.8,,,,,,0.00119393177014235,12563532,,35.5249743262538,0.04,MAN,100,Information Technology,0,USD,NONE,,02/10/26
MODR,Filled,ICBI,Buy,CRM,UN,150,MKT,GTC,150,191.9,,,,,,0.00262401625630551,5716428,,53.8584991337967,0.04,MAN,100,Information Technology,0,USD,NONE,,02/10/26
MODR,Filled,BTIA,Sell,APLD,UW,500,MKT,DAY,500,37.6,,,,,,0.00985103074289972,5075611,,105.947151722873,0.04,ANY,100,Information Technology,0,USD,CARE,,02/10/26
MODR,Filled,ICBI,Buy,3067,HK,20500,MKT,DAY,20500,11.45,,,,,,0.0473608238657891,43284720,,28.23357,0.005,AUTO,100,,0,HKD,NONE,,02/10/26
MODR,Filled,ICBI,Buy,SPY,UP,44,MKT,DAY,44,689.62,,,,,,0.000405370719814945,10854262,,14.9237476209207,0.02,AUTO,100,,0,USD,NONE,,02/09/26
MODR,Filled,ICBI,Sell,SPGP,UP,530,MKT,DAY,530,117.08,,,,,,5.28667746952139,10025.2001953125,,18.2574147658192,0.06,AUTO,100,,0,USD,NONE,,02/09/26
MODR,Filled,BTIA,Buy,INFL,UP,629,MKT,DAY,629,49.57,,,,,,1.50285037023874,41853.80078125,,16.7350005960293,0.13,ANY,100,,0,USD,CARE,,02/09/26
MODR,Filled,ICBI,Buy,ISRG,UW,109,MKT,DAY,109,485.13,,,,,,0.0116679603562314,934182.125,,38.4410178463567,0.07,AUTO,100,Health Care,0,USD,NONE,,02/09/26
MODR,Filled,BTIA,Buy,INFL,UP,527,MKT,DAY,527,49.57,,,,,,1.25914490479462,41853.80078125,,16.7350005960293,0.13,ANY,100,,0,USD,CARE,,02/09/26
MODR,Filled,BTIA,Sell,LOT,AU,1367,MKT,DAY,1367,2.285,,,,,,0.0286040471692665,4779044,,101.8456,,MAN,100,Energy,0,AUD,CARE,,02/09/26
MODR,Filled,BTIA,Buy,LTSRF,US,1367,MKT,DAY,1367,1.65,,,,,,2.30345630343024,59345.6015625,,94.2933944838842,,MAN,100,Energy,0,USD,CARE,,02/07/26
MODR,Filled,ICBI,Buy,ISRG,UW,164,MKT,DAY,164,481.86,,,,,,0.0175554632882748,934182.125,,38.4410178463567,0.07,AUTO,100,Health Care,0,USD,NONE,,02/06/26
MODR,Filled,ICBI,Buy,MSFT,UW,131,MKT,DAY,131,398.61,,,,,,0.00104270041259098,12563532,,35.5249743262538,0.04,AUTO,100,Information Technology,0,USD,NONE,,02/06/26
MODR,Filled,BTIA,Buy,PAVE,UF,3040,50,GTC,3040,50,,,,,,1.93337987913593,157237.59375,,22.8223966938146,0.03,ANY,100,,0,USD,CARE,,02/06/26
MODR,Filled,BTIA,Buy,ARCC,UW,153061,MKT,DAY,153061,19.05,,,,,,12.4420011120179,1230196,,18.313184319154,0.01,ANY,100,Financials,0,USD,CARE,,02/06/26
MODR,Filled,BTIA,Buy,PAVE,UF,620,50,GTC,620,50,,,,,,0.394307738507986,157237.59375,,22.8223966938146,0.03,ANY,100,,0,USD,CARE,,02/05/26
MODR,Filled,ICBI,Buy,KO,UN,250,MKT,DAY,250,77.82,,,,,,0.004034070793747,6197214,,21.9640427680401,0.01,AUTO,100,Consumer Staples,0,USD,NONE,,02/05/26
MODR,Filled,ICBI,Sell,META,UW,60,MKT,DAY,60,664,,,,,,0.00110378392767345,5435846.5,,39.7370115569344,0.29,AUTO,100,Communication Services,0,USD,NONE,,02/05/26
MODR,Filled,ICBI,Sell,SLV,UP,100,MKT,DAY,100,68.3,,,,,,0.00214325150113335,4665808,,57.1906227997258,0.04,AUTO,100,,0,USD,NONE,,02/05/26
MODR,Filled,ICBI,Sell,GOOG,UW,100,MKT,DAY,100,312.54,,,,,,0.001187907481964,8418164,,32.7753573050057,0.06,AUTO,100,Communication Services,0,USD,NONE,,02/05/26
MODR,Filled,ICBI,Sell,COPX,UP,200,MKT,DAY,200,84.12,,,,,,0.025989347453779,769546.0625,,61.5701222033281,0.07,AUTO,100,,0,USD,NONE,,02/05/26
MODR,Filled,ICBI,Buy,9888,HK,600,MKT,DAY,600,140.1,,,,,,0.00434376561040766,13812900,,43.16741,0.1,AUTO,100,Communication Services,0,HKD,NONE,,05/08/26
MODR,Filled,ICBI,Buy,9988,HK,500,MKT,DAY,500,138.5,,,,,,0.0005412497825529,92378790,,40.85373,0.05,AUTO,100,Consumer Discretionary,0,HKD,NONE,,05/08/26
MODR,Filled,ICBI,Buy,TIP,UP,4275,MKT,DAY,4275,111.24,,,,,,0.791706618528435,539972.75,,5.14215177806949,0.01,AUTO,100,,0,USD,NONE,,05/07/26
MODR,Filled,ICBI,Buy,KSPI,UW,1200,87,DAY,1200,87,,,,,,0.811021786072729,147961.5,,32.3729963971029,0.09,AUTO,100,Financials,0,USD,NONE,,05/07/26
MODR,Filled,ICBI,Buy,SPY,UP,34,MKT,DAY,34,735.13,,,,,,0.000313241010766094,10854262,,14.9237476209207,0.02,AUTO,100,,0,USD,NONE,,05/07/26
MODR,Filled,ICBI,Buy,ISRG,UW,66,MKT,DAY,66,452.2,,,,,,0.00706500351845204,934182.125,,38.4410178463567,0.07,AUTO,100,Health Care,0,USD,NONE,,05/07/26
MODR,Filled,ICBI,Buy,INFL,UP,469,MKT,DAY,469,53.23,,,,,,1.12056728718914,41853.80078125,,16.7350005960293,0.13,AUTO,100,,0,USD,NONE,,05/07/26
MODR,Filled,ICBI,Buy,INFL,UP,1923,53,GTC,1923,53,,,,,,4.59456480440238,41853.80078125,,16.7350005960293,0.13,MAN,100,,0,USD,NONE,,05/07/26
MODR,Filled,ICBI,Buy,JPM,UN,63,MKT,DAY,63,314.65,,,,,,0.00185765237412028,3391377.25,,24.8578234550135,0.28,AUTO,100,Financials,0,USD,NONE,,05/07/26
MODR,Filled,ICBI,Buy,SPY,UP,27,MKT,DAY,27,735.13,,,,,,0.000248750214431898,10854262,,14.9237476209207,0.02,AUTO,100,,0,USD,NONE,,05/07/26
MODR,Filled,ICBI,Buy,EQIX,UW,18,MKT,DAY,18,1084.11,,,,,,0.00759384229039776,237034.15625,,19.9152796783269,0.26,AUTO,100,Real Estate,0,USD,NONE,,05/07/26
MODR,Filled,ICBI,Buy,INFL,UP,471,53,GTC,471,53,,,,,,1.12534582572726,41853.80078125,,16.7350005960293,0.13,MAN,100,,0,USD,NONE,,05/07/26
MODR,Filled,ICBI,Buy,INFL,UP,471,53,GTC,471,53,,,,,,1.12534582572726,41853.80078125,,16.7350005960293,0.13,MAN,100,,0,USD,NONE,,05/07/26
MODR,Filled,ICBI,Buy,QQQ,UQ,126,MKT,DAY,126,696.84,,,,,,0.00115724912331491,10887889,,26.6496390402537,0.06,AUTO,100,,0,USD,NONE,,05/07/26
MODR,Filled,ICBI,Buy,QQQ,UQ,43,MKT,DAY,43,696.84,,,,,,0.000394934224623341,10887889,,26.6496390402537,0.06,AUTO,100,,0,USD,NONE,,05/07/26
MODR,Filled,ICBI,Buy,ISRG,UW,66,MKT,DAY,66,452.2,,,,,,0.00706500351845204,934182.125,,38.4410178463567,0.07,AUTO,100,Health Care,0,USD,NONE,,05/07/26
MODR,Filled,ICBI,Buy,INFL,UP,131,MKT,DAY,131,53.23,,,,,,0.31299427424686,41853.80078125,,16.7350005960293,0.13,AUTO,100,,0,USD,NONE,,05/07/26
MODR,Filled,ICBI,Buy,PAVE,UF,119,MKT,DAY,119,58.55,,,,,,0.0756816465845974,157237.59375,,22.8223966938146,0.03,AUTO,100,,0,USD,NONE,,05/07/26
MODR,Filled,ICBI,Sell,3067,HK,50000,MKT,DAY,50000,10.76,,,,,,0.115514204550705,43284720,,28.23357,0.005,AUTO,100,,0,HKD,NONE,,05/07/26
MODR,Filled,ICBI,Buy,LLY,UN,80,MKT,DAY,80,991.35,,,,,,0.00905455774250635,883532.9375,,30.2907583729295,0.69,AUTO,100,Health Care,0,USD,NONE,,05/06/26
MODR,Filled,ICBI,Buy,GDX,UP,228,MKT,DAY,228,90.6,,,,,,0.00272128703509034,8378388.5,,58.1860535473364,0.05,AUTO,100,,0,USD,NONE,,05/06/26
MODR,Filled,ICBI,Buy,GDX,UP,554,MKT,DAY,554,90.6,,,,,,0.00661225007649144,8378388.5,,58.1860535473364,0.05,AUTO,100,,0,USD,NONE,,05/06/26
MODR,Filled,ICBI,Buy,GDX,UP,543,MKT,DAY,543,90.6,,,,,,0.00648095991251778,8378388.5,,58.1860535473364,0.05,AUTO,100,,0,USD,NONE,,05/06/26
MODR,Filled,ICBI,Buy,INFL,UP,189,MKT,DAY,189,53.14,,,,,,0.45157189185234,41853.80078125,,16.7350005960293,0.13,AUTO,100,,0,USD,NONE,,05/06/26
MODR,Filled,ICBI,Sell,3067,HK,15000,MKT,DAY,15000,10.41,,,,,,0.0346542613652116,43284720,,28.23357,0.005,AUTO,100,,0,HKD,NONE,,05/06/26
MODR,Filled,ICBI,Sell,3067,HK,30400,10.5,GTC,30400,10.5,,,,,,0.0702326363668288,43284720,,28.23357,0.005,MAN,100,,0,HKD,NONE,,05/06/26
MODR,Filled,ICBI,Sell,VWO,UP,1103,MKT,DAY,1103,59.28,,,,,,0.0845157055639091,1305082.875,,22.5854100657988,0.02,AUTO,100,,0,USD,NONE,,05/05/26
MODR,Filled,ICBI,Buy,TCEHY,UV,250,MKT,DAY,250,60.4975,,,,,,0.00586593522365051,4261895,,41.5261237006287,,AUTO,100,Communication Services,0,USD,NONE,,05/05/26
MODR,Filled,ICBI,Buy,KTEC,UP,2160,MKT,DAY,2160,13.93,,,,,,16.8928824420077,12786.4501953125,,33.2076739922097,0.03,AUTO,100,,0,USD,NONE,,05/05/26
MODR,Filled,ICBI,Buy,BABA,UN,115,MKT,DAY,115,134.06,,,,,,0.00576771011438811,1993858.875,,41.6001987357128,0.04,AUTO,100,Consumer Discretionary,0,USD,NONE,,05/05/26
MODR,Filled,ICBI,Buy,KLAC,UW,5,MKT,DAY,5,1720.26,,,,,,9.28988232413161E-05,5382199.5,,76.2014520927801,0.62,AUTO,100,Information Technology,0,USD,NONE,,05/04/26
MODR,Filled,ICBI,Sell,MSFT,UW,71,MKT,DAY,71,411.44,,,,,,0.000565127704534043,12563532,,35.5249743262538,0.04,AUTO,100,Information Technology,0,USD,NONE,,05/04/26
MODR,Filled,ICBI,Buy,GDX,UP,562,MKT,DAY,562,89.05,,,,,,0.00670773383210865,8378388.5,,58.1860535473364,0.05,AUTO,100,,0,USD,NONE,,04/30/26
MODR,Filled,ICBI,Buy,VTIP,UQ,30000,MKT,DAY,30000,50.34,,,,,,13.8003178816972,217386.296875,,2.00684368561013,0.02,AUTO,100,,0,USD,NONE,,04/30/26
MODR,Filled,ICBI,Buy,XLP,UP,361,MKT,DAY,361,83.29,,,,,,0.0115980433040737,3112594,,16.5287133563359,0.01,AUTO,100,,0,USD,NONE,,04/30/26
MODR,Filled,ICBI,Buy,VHT,UP,74,MKT,DAY,74,268.35,,,,,,0.138976658171855,53246.3515625,,16.424707727055,0.1,AUTO,100,,0,USD,NONE,,04/30/26
MODR,Filled,ICBI,Buy,ISRG,UW,22,MKT,DAY,22,452.68,,,,,,0.00235500117281735,934182.125,,38.4410178463567,0.07,AUTO,100,Health Care,0,USD,NONE,,04/30/26
MODR,Filled,ICBI,Buy,GDX,UP,562,MKT,DAY,562,89.05,,,,,,0.00670773383210865,8378388.5,,58.1860535473364,0.05,AUTO,100,,0,USD,NONE,,04/30/26
MODR,Filled,ICBI,Buy,ISRG,UW,44,MKT,DAY,44,452.68,,,,,,0.00471000234563469,934182.125,,38.4410178463567,0.07,MAN,100,Health Care,0,USD,NONE,,04/30/26
MODR,Filled,ICBI,Sell,3067,HK,16700,MKT,DAY,16700,10.2,,,,,,0.0385817443199355,43284720,,28.23357,0.005,AUTO,100,,0,HKD,NONE,,04/30/26
MODR,Filled,ICBI,Buy,XBI,UP,76,MKT,DAY,76,130.09,,,,,,0.00331763060933306,2290791.5,,34.4808177527667,0.02,AUTO,100,,0,USD,NONE,,04/29/26
MODR,Filled,ICBI,Buy,NVDA,UW,18800,MKT,DAY,18800,210.99649707,,,,,,0.0386011406554934,48703224,,44.0791454419663,0.02,MAN,100,Information Technology,0,USD,NONE,,04/29/26
MODR,Filled,ICBI,Sell,NEM,UN,200,MKT,GTC,200,108.12,,,,,,0.00737282748118224,2712663.5,,53.4158341602672,0.03,MAN,100,Materials,0,USD,NONE,,04/29/26
MODR,Filled,ICBI,Sell,FDX,US,175,MKT,GTC,175,390.78,,,,,,0.00892267040229134,1961296.25,,32.1997369291825,0.19,MAN,100,Industrials,0,USD,NONE,,04/29/26
MODR,Filled,ICBI,Sell,RIO,US,250,MKT,GTC,250,97.53,,,,,,0.00910037844833815,2747138.5,,38.8288241219887,0.01,MAN,100,Materials,0,USD,NONE,,04/29/26
MODR,Filled,ICBI,Sell,3067,HK,32000,10.3,GTC,32000,10.31,,,,,,0.0739290909124513,43284720,,28.23357,0.005,MAN,100,,0,HKD,NONE,,04/29/26
MODR,Filled,ICBI,Sell,388,HK,40,MKT,DAY,40,409,,,,,,0.000713172019765563,5608745,,20.02233,0.2,MAN,100,Financials,0,HKD,NONE,,04/29/26
MODR,Filled,ICBI,Buy,KLAC,US,5,MKT,DAY,5,1772.66,,,,,,3.86212402608818E-05,12946244,,76.2014520927801,0.62,AUTO,100,Information Technology,0,USD,NONE,,04/28/26
MODR,Filled,ICBI,Sell,MSFT,UW,104,MKT,DAY,104,424.72,,,,,,0.00082779269396536,12563532,,35.5249743262538,0.04,AUTO,100,Information Technology,0,USD,NONE,,04/28/26
MODR,Filled,ICBI,Buy,GOOGL,UW,78,MKT,DAY,78,348.14,,,,,,0.00070518820523906,11060877,,32.8793099796081,0.19,AUTO,100,Communication Services,0,USD,NONE,,04/28/26
MODR,Filled,ICBI,Buy,ADI,UW,74,MKT,DAY,74,389.37,,,,,,0.00329337043418972,2246938.25,,48.9720431449793,0.23,AUTO,100,Information Technology,0,USD,NONE,,04/28/26
MODR,Filled,ICBI,Buy,CRWD,UW,22,MKT,DAY,22,457.88,,,,,,0.00199047107212201,1105266,,56.7305438602541,0.58,AUTO,100,Information Technology,0,USD,NONE,,04/28/26
MODR,Filled,ICBI,Buy,PANW,UW,56,MKT,DAY,56,184,,,,,,0.00180311352628151,3105739,,53.4890830803416,0.04,AUTO,100,Information Technology,0,USD,NONE,,04/28/26
MODR,Filled,ICBI,Buy,MSFT,UW,71,MKT,DAY,71,424.72,,,,,,0.000565127704534043,12563532,,35.5249743262538,0.04,AUTO,100,Information Technology,0,USD,NONE,,04/28/26
MODR,Filled,ICBI,Buy,AMZN,UW,286,MKT,DAY,286,258.39,,,,,,0.0019557011800742,14623911,,33.1024499736,0.02,AUTO,100,Consumer Discretionary,0,USD,NONE,,04/28/26
MODR,Filled,ICBI,Buy,TSM,US,213,MKT,DAY,213,392.12,,,,,,0.00161688998726073,13173438,,48.2446092894198,0.21,AUTO,100,Information Technology,0,USD,NONE,,04/28/26
MODR,Filled,ICBI,Buy,AMZN,UW,95,MKT,DAY,95,258.39,,,,,,0.000649621021353317,14623911,,33.1024499736,0.02,AUTO,100,Consumer Discretionary,0,USD,NONE,,04/28/26
MODR,Filled,ICBI,Buy,XLF,UP,480,MKT,DAY,480,52.2,,,,,,0.0051789298690896,9268324,,14.5126717402459,0.01,AUTO,100,,0,USD,NONE,,04/28/26
MODR,Filled,ICBI,Buy,AAPL,UW,74,MKT,DAY,74,272.73,,,,,,0.000388785329553359,19033640,,21.9328041882205,0.07,AUTO,100,Information Technology,0,USD,NONE,,04/28/26
MODR,Filled,ICBI,Buy,GOOG,UW,71,MKT,DAY,71,347.2,,,,,,0.000843414312194441,8418164,,32.7753573050057,0.06,AUTO,100,Communication Services,0,USD,NONE,,04/28/26
MODR,Filled,ICBI,Sell,LLY,UN,11,MKT,DAY,11,870,,,,,,0.00124500168959462,883532.9375,,30.2907583729295,0.69,AUTO,100,Health Care,0,USD,NONE,,04/28/26
MODR,Filled,ICBI,Sell,INFL,UP,451,MKT,DAY,451,53.02,,,,,,1.07756044034606,41853.80078125,,16.7350005960293,0.13,AUTO,100,,0,USD,NONE,,04/28/26
MODR,Filled,ICBI,Sell,QQQ,UQ,41,MKT,DAY,41,657.42,,,,,,0.00037656519091993,10887889,,26.6496390402537,0.06,AUTO,100,,0,USD,NONE,,04/28/26
MODR,Filled,ICBI,Sell,NVDA,UW,124,MKT,DAY,124,209.45,,,,,,0.000254603268153254,48703224,,44.0791454419663,0.02,AUTO,100,Information Technology,0,USD,NONE,,04/28/26
MODR,Filled,ICBI,Sell,PAVE,UF,670,MKT,DAY,670,56.12,,,,,,0.426106749677985,157237.59375,,22.8223966938146,0.03,AUTO,100,,0,USD,NONE,,04/28/26
MODR,Filled,ICBI,Sell,BABA,UN,188,MKT,DAY,188,129.5,,,,,,0.00942895218699969,1993858.875,,41.6001987357128,0.04,AUTO,100,Consumer Discretionary,0,USD,NONE,,04/28/26
MODR,Filled,ICBI,Sell,BIDU,UW,201,MKT,DAY,201,125.5,,,,,,0.027208766366716,738732.5,,54.4847594394349,0.17,AUTO,100,Communication Services,0,USD,NONE,,04/28/26
MODR,Filled,ICBI,Sell,ISRG,UW,50,MKT,DAY,50,473.46,,,,,,0.00535227539276669,934182.125,,38.4410178463567,0.07,AUTO,100,Health Care,0,USD,NONE,,04/28/26
MODR,Filled,ICBI,Sell,SMH,UQ,58,MKT,DAY,58,488.37,,,,,,0.0023211043814647,2498810.5,,55.8821326962082,0.89,AUTO,100,,0,USD,NONE,,04/28/26
MODR,Filled,ICBI,Sell,MSFT,UW,73,MKT,DAY,73,424.72,,,,,,0.000581046794802608,12563532,,35.5249743262538,0.04,AUTO,100,Information Technology,0,USD,NONE,,04/28/26
MODR,Filled,ICBI,Sell,SPY,UP,86,MKT,DAY,86,711.75,,,,,,0.000792315497820119,10854262,,14.9237476209207,0.02,AUTO,100,,0,USD,NONE,,04/28/26
MODR,Filled,ICBI,Sell,META,UW,40,MKT,DAY,40,670.84,,,,,,0.000735855951782303,5435846.5,,39.7370115569344,0.29,AUTO,100,Communication Services,0,USD,NONE,,04/27/26
MODR,Filled,ICBI,Sell,MSFT,UW,100,MKT,DAY,100,422.51,,,,,,0.00079595451342823,12563532,,35.5249743262538,0.04,AUTO,100,Information Technology,0,USD,NONE,,04/27/26
MODR,Filled,ICBI,Buy,INFL,UP,938,MKT,DAY,938,53.33,,,,,,2.24113457437828,41853.80078125,,16.7350005960293,0.13,AUTO,100,,0,USD,NONE,,04/27/26
MODR,Filled,ICBI,Buy,SPY,UP,70,MKT,DAY,70,713.13,,,,,,0.000644907963341957,10854262,,14.9237476209207,0.02,AUTO,100,,0,USD,NONE,,04/27/26
MODR,Filled,ICBI,Sell,VXX,US,1100,MKT,DAY,1100,29.48,,,,,,0.0103459468295457,10632183,,50.6948159084303,0.02,AUTO,100,,0,USD,NONE,,04/27/26
MODR,Filled,ICBI,Sell,TMF,UP,21500,MKT,DAY,21500,35.92,,,,,,2.37423868207667,905553.4375,,28.0596354237834,0.02,AUTO,100,,0,USD,NONE,,04/27/26
MODR,Filled,ICBI,Buy,DLTR,UW,900,MKT,DAY,900,104.17,,,,,,0.0645619298206443,1394010.375,,65.3602941719959,0.02,AUTO,100,Consumer Staples,0,USD,NONE,,04/27/26
MODR,Filled,ICBI,Buy,DG,UN,800,MKT,DAY,800,121.03,,,,,,0.0722841952527129,1106742.625,,46.2550033535482,0.04,AUTO,100,Consumer Staples,0,USD,NONE,,04/27/26
MODR,Filled,ICBI,Buy,BLK,UN,900,MKT,DAY,900,1041.9,,,,,,0.405734836505767,221819.75,,26.7628866169856,0.67,AUTO,100,Financials,0,USD,NONE,,04/27/26
MODR,Filled,ICBI,Buy,PAVE,UF,887,MKT,DAY,887,56.44,,,,,,0.564114458155781,157237.59375,,22.8223966938146,0.03,AUTO,100,,0,USD,NONE,,04/24/26
MODR,Filled,ICBI,Buy,6181,HK,200,610,GTD,200,580.5,,,,,,0.0168508180229609,1186886,,55.56006,0.2,MAN,100,Consumer Discretionary,0,HKD,NONE,,04/24/26
MODR,Filled,ICBI,Sell,APLS,UW,1000,MKT,GTD,1000,40.94,,,,,,,,,,,MAN,100,,0,USD,NONE,,04/24/26
MODR,Filled,ICBI,Sell,PTGX,UQ,150,105,GTD,150,105,,,,,,0.0555090795507558,270226.0625,,51.5139926166197,0.08,MAN,100,Health Care,0,USD,NONE,,04/24/26
MODR,Filled,ICBI,Sell,TRVI,UQ,1000,15,GTD,1000,15,,,,,,0.213123080310504,469212.4375,,52.1441930751928,0.02,MAN,100,Health Care,0,USD,NONE,,04/24/26
MODR,Filled,ICBI,Buy,XLU,UP,216,MKT,DAY,216,46.03,,,,,,0.00411737727642355,5246058,,18.0325429607194,0.01,AUTO,100,,0,USD,NONE,,04/24/26
MODR,Filled,ICBI,Buy,LLY,UN,21,MKT,DAY,21,898.5,,,,,,0.00237682140740792,883532.9375,,30.2907583729295,0.69,AUTO,100,Health Care,0,USD,NONE,,04/24/26
MODR,Filled,ICBI,Sell,MCHI,UQ,784,MKT,DAY,784,57.64,,,,,,0.112313384426492,698046.8125,,22.6147359162623,0.01,AUTO,100,,0,USD,NONE,,04/23/26
MODR,Filled,ICBI,Buy,INFL,UP,934,MKT,DAY,934,53.36,,,,,,2.23157749730204,41853.80078125,,16.7350005960293,0.13,AUTO,100,,0,USD,NONE,,04/23/26
MODR,Filled,ICBI,Buy,SMH,UQ,104,MKT,DAY,104,480.45,,,,,,0.00416198027021257,2498810.5,,55.8821326962082,0.89,AUTO,100,,0,USD,NONE,,04/23/26
MODR,Filled,CICF,Sell,002281,C2,34500,MKT,GTC,34500,132.046261,,,,,,0.0552117402244413,62486710,,83.05706,0.1,MAN,100,Information Technology,0,CNY,,,04/23/26
MODR,Filled,ICBI,Buy,MU,UW,10,MKT,DAY,10,482.95,,,,,,6.78347678012506E-05,14741703,,110.163922961562,1.19,AUTO,100,Information Technology,0,USD,NONE,,04/23/26
MODR,Filled,ICBI,Buy,VUG,UP,588,MKT,DAY,588,82.21,,,,,,0.047367451190077,1241358.75,,21.012012828998,0.02,AUTO,100,,0,USD,NONE,,04/22/26
MODR,Filled,ICBI,Buy,WFC,US,400,MKT,GTC,400,81.57,,,,,,0.00242155303276815,16518325,,25.6268867874346,0.01,MAN,100,Financials,0,USD,NONE,,04/22/26
MODR,Filled,ICBI,Buy,ADBE,US,150,MKT,GTC,150,255,,,,,,0.00181625361729611,8258758.5,,52.6422278758871,0.01,MAN,100,Information Technology,0,USD,NONE,,04/22/26
MODR,Filled,ICBI,Buy,V,UN,100,MKT,GTC,100,311.01,,,,,,0.00335778246673445,2978156,,20.6362547489802,0.18,MAN,100,Financials,0,USD,NONE,,04/22/26
MODR,Filled,ICBI,Buy,NKE,US,1000,MKT,GTC,1000,46.31,,,,,,0.00464296525761957,21537960,,37.6160529185998,0.01,MAN,100,Consumer Discretionary,0,USD,NONE,,04/22/26
MODR,Filled,ICBI,Buy,BIDU,UW,300,MKT,GTC,300,124.1,,,,,,0.0406100990547999,738732.5,,54.4847594394349,0.17,MAN,100,Communication Services,0,USD,NONE,,04/22/26
MODR,Filled,ICBI,Buy,GDX,UP,150,MKT,DAY,150,97.85,,,,,,0.00179032041782259,8378388.5,,58.1860535473364,0.05,AUTO,100,,0,USD,NONE,,04/21/26
MODR,Filled,ICBI,Buy,PAVE,UF,898,MKT,DAY,898,55.67,,,,,,0.57111024061318,157237.59375,,22.8223966938146,0.03,AUTO,100,,0,USD,NONE,,04/21/26
MODR,Filled,ICBI,Buy,INFL,UP,932,MKT,DAY,932,53.74,,,,,,2.22679895876392,41853.80078125,,16.7350005960293,0.13,AUTO,100,,0,USD,NONE,,04/21/26
MODR,Filled,ICBI,Sell,TIP,UP,4050,MKT,DAY,4050,111.34,,,,,,0.750037849132202,539972.75,,5.14215177806949,0.01,AUTO,100,,0,USD,NONE,,04/21/26
MODR,Filled,ICBI,Buy,3905,JP,1000,MKT,GTC,1000,1600,,,,,,0.0278358464463367,3592490,,176.6471,10,MAN,100,Information Technology,0,JPY,NONE,,04/20/26
MODR,Filled,ICBI,Buy,ISRG,UW,16,MKT,DAY,16,470.21,,,,,,0.00171272812568534,934182.125,,38.4410178463567,0.07,AUTO,100,Health Care,0,USD,NONE,,04/20/26
MODR,Filled,ICBI,Buy,ISRG,UW,21,MKT,DAY,21,470.21,,,,,,0.00224795566496201,934182.125,,38.4410178463567,0.07,AUTO,100,Health Care,0,USD,NONE,,04/20/26
MODR,Filled,ICBI,Buy,INFL,UP,468,MKT,DAY,468,53.28,,,,,,1.11817801792008,41853.80078125,,16.7350005960293,0.13,AUTO,100,,0,USD,NONE,,04/20/26
MODR,Filled,ICBI,Buy,SMH,UQ,171,MKT,DAY,171,464.58,,,,,,0.00684325602121489,2498810.5,,55.8821326962082,0.89,AUTO,100,,0,USD,NONE,,04/20/26
MODR,Filled,ICBI,Buy,PAVE,UF,454,MKT,DAY,454,54.98,,,,,,0.28873502142359,157237.59375,,22.8223966938146,0.03,AUTO,100,,0,USD,NONE,,04/20/26
MODR,Filled,ICBI,Sell,XLE,UP,500,MKT,DAY,500,55.2,,,,,,0.00510636715984982,9791697,,26.2914103297151,0.01,AUTO,100,,0,USD,NONE,,04/20/26
MODR,Filled,ICBI,Sell,PYPL,UW,500,MKT,DAY,500,50.68,,,,,,0.0084419174971403,5922825,,26.6539513405267,0.01,AUTO,100,Financials,0,USD,NONE,,04/20/26
MODR,Filled,ICBI,Buy,3750,HK,300,MKT,DAY,300,699,,,,,,0.0068996335604616,4348057,,52.00902,0.5,AUTO,100,Industrials,0,HKD,NONE,,04/20/26
MODR,Filled,ICBI,Buy,ISRG,UW,54,MKT,DAY,54,463.6,,,,,,0.00578045742418803,934182.125,,38.4410178463567,0.07,AUTO,100,Health Care,0,USD,NONE,,04/17/26
MODR,Filled,BTIA,Buy,PAVE,UF,462,MKT,DAY,462,54.47,,,,,,0.29382286321079,157237.59375,,22.8223966938146,0.03,ANY,100,,0,USD,CARE,,04/17/26
MODR,Filled,BTIA,Buy,PAVE,UF,573,MKT,DAY,573,54.47,,,,,,0.364416668008187,157237.59375,,22.8223966938146,0.03,ANY,100,,0,USD,CARE,,04/17/26
MODR,Filled,ICBI,Buy,QQQ,UQ,343,MKT,DAY,343,645.83,,,,,,0.00315028928013502,10887889,,26.6496390402537,0.06,AUTO,100,,0,USD,NONE,,04/17/26
MODR,Filled,ICBI,Buy,SPY,UP,328,MKT,DAY,328,706.16,,,,,,0.00302185445680231,10854262,,14.9237476209207,0.02,AUTO,100,,0,USD,NONE,,04/17/26
MODR,Filled,ICBI,Buy,3110,HK,1700,MKT,DAY,1700,32.68,,,,,,0.233417569615074,728308.5,,12.16645,0.02,AUTO,100,,0,HKD,NONE,,04/17/26
MODR,Filled,ICBI,Buy,3110,HK,238500,MKT,DAY,238500,32.58878826,,,,,,32.7471119724677,728308.5,,12.16645,0.02,MAN,100,,0,HKD,NONE,,04/17/26
MODR,Filled,BTIA,Buy,PAVE,UF,702,MKT,DAY,702,54.11,,,,,,0.446458116826785,157237.59375,,22.8223966938146,0.03,ANY,100,,0,USD,CARE,,04/16/26
MODR,Filled,ICBI,Buy,INFL,UP,1974,MKT,DAY,1974,53.33,,,,,,4.71641753712444,41853.80078125,,16.7350005960293,0.13,AUTO,100,,0,USD,NONE,,04/16/26
MODR,Filled,ICBI,Buy,SMH,UQ,98,MKT,DAY,98,450.46,,,,,,0.00392186602385415,2498810.5,,55.8821326962082,0.89,AUTO,100,,0,USD,NONE,,04/16/26
MODR,Filled,ICBI,Buy,SMH,UQ,61,MKT,DAY,61,450.46,,,,,,0.00244116150464391,2498810.5,,55.8821326962082,0.89,AUTO,100,,0,USD,NONE,,04/16/26
MODR,Filled,ICBI,Buy,GDX,UP,760,MKT,DAY,760,98.34,,,,,,0.00907095678363447,8378388.5,,58.1860535473364,0.05,AUTO,100,,0,USD,NONE,,04/16/26
MODR,Filled,ICBI,Buy,GDX,UP,284,MKT,DAY,284,98.34,,,,,,0.00338967332441077,8378388.5,,58.1860535473364,0.05,AUTO,100,,0,USD,NONE,,04/16/26
MODR,Filled,ICBI,Buy,9888,HK,1300,MKT,DAY,1300,120.9,,,,,,0.00941149215588327,13812900,,43.16741,0.1,AUTO,100,Communication Services,0,HKD,NONE,,04/16/26
MODR,Filled,ICBI,Sell,3067,HK,24000,MKT,DAY,24000,10.54,,,,,,0.0554468181843385,43284720,,28.23357,0.005,AUTO,100,,0,HKD,NONE,,04/16/26
MODR,Filled,ICBI,Buy,MSFT,UW,76,MKT,DAY,76,398,,,,,,0.000604925430205455,12563532,,35.5249743262538,0.04,AUTO,100,Information Technology,0,USD,NONE,,04/15/26
MODR,Filled,BTIA,Buy,IBIT,UQ,200,MKT,DAY,200,42.17,,,,,,0.00162946675537484,12273954,,42.4483913743641,0.02,ANY,100,,0,USD,CARE,,04/15/26
MODR,Filled,ICBI,Sell,3067,HK,95400,10.45,GTC,95400,10.46,,,,,,0.220401102282745,43284720,,28.23357,0.005,MAN,100,,0,HKD,NONE,,04/15/26
MODR,Filled,ICBI,Buy,9988,HK,1100,MKT,DAY,1100,130,,,,,,0.00119074952161638,92378790,,40.85373,0.05,AUTO,100,Consumer Discretionary,0,HKD,NONE,,04/15/26
MODR,Filled,ICBI,Buy,3905,JT,1600,MKT,DAY,1600,1460.0625,,,,,,0.0445373543141387,3592490,,176.6471,10,MAN,100,Information Technology,0,JPY,NONE,,04/15/26
MODR,Filled,ICBI,Buy,SPY,UP,14,MKT,DAY,14,687.66,,,,,,0.000128981592668391,10854262,,14.9237476209207,0.02,AUTO,100,,0,USD,NONE,,04/14/26
MODR,Filled,ICBI,Buy,INFL,UP,12657,MKT,DAY,12657,53.05,,,,,,30.2409811384924,41853.80078125,,16.7350005960293,0.13,AUTO,100,,0,USD,NONE,,04/14/26
MODR,Filled,ICBI,Buy,NVDA,UW,158,MKT,DAY,158,191.38,,,,,,0.000324413841679146,48703224,,44.0791454419663,0.02,AUTO,100,Information Technology,0,USD,NONE,,04/14/26
MODR,Filled,BTIA,Buy,PAVE,UF,272,MKT,DAY,272,55.22,,,,,,0.172986620764794,157237.59375,,22.8223966938146,0.03,ANY,100,,0,USD,CARE,,04/14/26
MODR,Filled,ICBI,Buy,9888,HK,50,MKT,DAY,50,112.9,,,,,,0.000361980467533972,13812900,,43.16741,0.1,AUTO,100,Communication Services,0,HKD,NONE,,04/14/26
MODR,Filled,ICBI,Buy,9888,HK,450,MKT,DAY,450,110.6,,,,,,0.00325782420780575,13812900,,43.16741,0.1,MAN,100,Communication Services,0,HKD,NONE,,04/14/26
MODR,Filled,ICBI,Buy,9888,HK,1000,MKT,DAY,1000,110.6,,,,,,0.00723960935067944,13812900,,43.16741,0.1,AUTO,100,Communication Services,0,HKD,NONE,,04/14/26
MODR,Filled,ICBI,Buy,QQQ,UQ,81,MKT,DAY,81,609.73,,,,,,0.000743945864988153,10887889,,26.6496390402537,0.06,AUTO,100,,0,USD,NONE,,04/13/26
MODR,Filled,ICBI,Buy,GOOG,UW,47,MKT,DAY,47,318,,,,,,0.00055831651652308,8418164,,32.7753573050057,0.06,AUTO,100,Communication Services,0,USD,NONE,,04/10/26
MODR,Filled,ICBI,Sell,URNM,UP,2331,MKT,DAY,2331,64.89,,,,,,1.29417675978336,180114.5,,59.4282789730494,0.15,AUTO,100,,0,USD,NONE,,04/10/26
MODR,Filled,ICBI,Sell,3067,HK,16200,MKT,DAY,16200,10.2,,,,,,0.0374266022744285,43284720,,28.23357,0.005,AUTO,100,,0,HKD,NONE,,04/10/26
MODR,Filled,ICBI,Buy,URNM,UP,450,MKT,DAY,450,65.8,,,,,,0.249841073317251,180114.5,,59.4282789730494,0.15,AUTO,100,,0,USD,NONE,,04/08/26
MODR,Filled,ICBI,Buy,ISRG,UW,64,MKT,DAY,64,469.99,,,,,,0.00685091250274137,934182.125,,38.4410178463567,0.07,AUTO,100,Health Care,0,USD,NONE,,04/08/26
MODR,Filled,ICBI,Sell,3067,HK,25000,10.3,GTC,25000,10.33,,,,,,0.0577571022753526,43284720,,28.23357,0.005,MAN,100,,0,HKD,NONE,,04/08/26
MODR,Filled,CICF,Sell,300394,C2,12000,MKT,GTC,12000,321.621583,,,,,,0.0183325758414843,65457250,,89.04206,0.06,MAN,100,Information Technology,0,CNY,,,04/02/26
MODR,Filled,CICF,Sell,300308,C2,3900,MKT,GTC,3900,582.923538,,,,,,0.0128033617031754,30460750,,63.73666,1.12,MAN,100,Information Technology,0,CNY,,,04/02/26
MODR,Filled,ICBI,Buy,META,UW,50,MKT,DAY,50,580.49,,,,,,0.000919819939727879,5435846.5,,39.7370115569344,0.29,AUTO,100,Communication Services,0,USD,NONE,,04/01/26
MODR,Filled,ICBI,Buy,MSFT,UW,50,MKT,DAY,50,373.26,,,,,,0.000397977256714115,12563532,,35.5249743262538,0.04,AUTO,100,Information Technology,0,USD,NONE,,04/01/26
MODR,Filled,ICBI,Buy,VOO,UP,832,MKT,GTC,832,601.18,,,,,,0.0733471733513498,1134331.375,,14.9497810328303,0.06,MAN,100,,0,USD,NONE,,04/01/26
MODR,Filled,ICBI,Sell,LVS,US,825,MKT,DAY,825,54.18,,,,,,0.019334449653679,4266995,,27.5011983939472,0.02,AUTO,100,Consumer Discretionary,0,USD,NONE,,04/01/26
MODR,Filled,ICBI,Sell,SBUX,UW,200,MKT,DAY,200,90.25,,,,,,0.00644937902557139,3101073.75,,22.9616923491125,0.01,AUTO,100,Consumer Discretionary,0,USD,NONE,,04/01/26
MODR,Filled,ICBI,Sell,BIDU,UW,100,MKT,DAY,100,111.85,,,,,,0.0135366996849333,738732.5,,54.4847594394349,0.17,AUTO,100,Communication Services,0,USD,NONE,,04/01/26
MODR,Filled,ICBI,Sell,700,HK,44,MKT,DAY,44,497,,,,,,0.00012670387921204,34726640,,41.75636,0.2,MAN,100,Communication Services,0,HKD,NONE,,04/01/26
MODR,Filled,ICBI,Buy,9888,HK,2700,MKT,DAY,2700,109.3,,,,,,0.0195469452468345,13812900,,43.16741,0.1,AUTO,100,Communication Services,0,HKD,NONE,,04/01/26
MODR,Filled,ICBI,Buy,BABA,UN,376,MKT,DAY,376,121.71,,,,,,0.0188579043739994,1993858.875,,41.6001987357128,0.04,AUTO,100,Consumer Discretionary,0,USD,NONE,,03/31/26
MODR,Filled,ICBI,Buy,BABA,UN,488,MKT,DAY,488,123.37,,,,,,0.0244751524854035,1993858.875,,41.6001987357128,0.04,AUTO,100,Consumer Discretionary,0,USD,NONE,,03/30/26
MODR,Filled,ICBI,Buy,BABA,UN,458,MKT,DAY,458,123.37,,,,,,0.0229705324555631,1993858.875,,41.6001987357128,0.04,AUTO,100,Consumer Discretionary,0,USD,NONE,,03/30/26
MODR,Filled,BTIA,Sell,IBIT,UQ,1806,MKT,DAY,1806,37.81,,,,,,0.0147140848010348,12273954,,42.4483913743641,0.02,ANY,100,,0,USD,CARE,,03/27/26
MODR,Filled,BTIA,Sell,EZBC,UF,298,MKT,DAY,298,38.549966,,,,,,0.672623242991318,44304.1484375,,42.1085988900768,0.03,ANY,100,,0,USD,CARE,,03/27/26
MODR,Filled,BTIA,Sell,ETHA,UQ,1003,MKT,DAY,1003,15.05,,,,,,0.0138068747223655,7264497,,61.6622516031175,0.01,ANY,100,,0,USD,CARE,,03/27/26
MODR,Filled,ICBI,Sell,MCHI,UQ,1982,MKT,DAY,1982,55.23,,,,,,0.283935112159831,698046.8125,,22.6147359162623,0.01,AUTO,100,,0,USD,NONE,,03/27/26
MODR,Filled,ICBI,Sell,3067,HK,42600,MKT,DAY,42600,10.08,,,,,,0.0984181022772008,43284720,,28.23357,0.005,AUTO,100,,0,HKD,NONE,,03/27/26
MODR,Filled,BTIA,Buy,PAVE,UF,2220,50,GTC,2220,49.99,,,,,,1.41187609594795,157237.59375,,22.8223966938146,0.03,ANY,100,,0,USD,CARE,,03/26/26
MODR,Filled,ICBI,Buy,TIP,UP,10500,MKT,DAY,10500,110.11,,,,,,1.94454257182423,539972.75,,5.14215177806949,0.01,AUTO,100,,0,USD,NONE,,03/25/26
MODR,Filled,ICBI,Buy,3067,HK,20000,MKT,DAY,20000,11.5,,,,,,0.0462056818202821,43284720,,28.23357,0.005,AUTO,100,,0,HKD,NONE,,02/03/26
MODR,Filled,BTIA,Sell,MITSY,UV,20,MKT,DAY,20,659.8,,,,,,0.18052089621926,11079.0498046875,,35.8273015178273,,ANY,100,Industrials,0,USD,CARE,,02/03/26
MODR,Filled,ICBI,Buy,GLD,UP,229,MKT,DAY,229,433.6,,,,,,0.0115615290122119,1980706.875,,25.7418834475073,0.03,MAN,100,,0,USD,NONE,,02/02/26
MODR,Filled,ICBI,Buy,MSFT,UW,70,MKT,DAY,70,430.23,,,,,,0.000557168159399761,12563532,,35.5249743262538,0.04,AUTO,100,Information Technology,0,USD,NONE,,02/02/26
MODR,Filled,ICBI,Buy,QQQ,UQ,48,MKT,DAY,48,618.99,,,,,,0.000440856808881869,10887889,,26.6496390402537,0.06,AUTO,100,,0,USD,NONE,,02/02/26
MODR,Filled,ICBI,Buy,ISRG,UW,49,MKT,DAY,49,501.99,,,,,,0.00524522988491136,934182.125,,38.4410178463567,0.07,AUTO,100,Health Care,0,USD,NONE,,02/02/26
MODR,Filled,BTIA,Sell,LTSRF,UV,1367,MKT,DAY,1367,1.506437,,,,,,2.30345630343024,59345.6015625,,94.2933944838842,,ANY,100,Energy,0,USD,CARE,,02/02/26
MODR,Filled,BTIA,Buy,SRUUF,UV,1954,MKT,DAY,1954,22.76982,,,,,,0.549675586089572,355482.40625,,29.0221168134432,,ANY,100,,0,USD,CARE,,02/02/26
MODR,Filled,ICBI,Buy,INFL,UP,2248,MKT,DAY,2248,48.91745107,,,,,,5.37107731684688,41853.80078125,,16.7350005960293,0.13,MAN,100,,0,USD,NONE,,02/02/26
MODR,Filled,BTIA,Sell,TORXF,UV,232,MKT,DAY,232,46,,,,,,0.74184333930427,31273.44921875,,65.8666189814296,,ANY,100,Materials,0,USD,CARE,,02/02/26
MODR,Filled,BTIA,Sell,BYAGF,UV,3555,MKT,DAY,3555,0.772931,,,,,,1.42971096738874,248651.65625,,69.8794723873844,,ANY,100,Materials,0,USD,CARE,,02/02/26
MODR,Filled,BTIA,Sell,AYA,CT,352,MKT,DAY,352,21.84,,,,,,0.0218670347617518,1609729,,98.88414,0.35,ANY,100,Materials,0,CAD,CARE,,02/02/26
MODR,Filled,ICBI,Buy,MSFT,UW,50,MKT,DAY,50,430.23,,,,,,0.000397977256714115,12563532,,35.5249743262538,0.04,AUTO,100,Information Technology,0,USD,NONE,,02/02/26
MODR,Filled,ICBI,Sell,SHY,UQ,303,MKT,DAY,303,82.74,,,,,,0.0278698180563078,1087197.625,,1.93088316228232,0.01,AUTO,100,,0,USD,NONE,,02/02/26
MODR,Filled,BTIA,Sell,IBIT,UQ,70,MKT,DAY,70,44.24,,,,,,0.000570313364381193,12273954,,42.4483913743641,0.02,ANY,100,,0,USD,CARE,,02/02/26
MODR,Filled,BTIA,Sell,BTCW,UF,38,MKT,DAY,38,82.54,,,,,,0.378548282125093,10038.349609375,,42.4053594113489,0.13,ANY,100,,0,USD,CARE,,02/02/26
MODR,Filled,BTIA,Sell,HODL,UF,140,MKT,DAY,140,22.06,,,,,,0.0485069128305873,288618.65625,,42.143028463433,0.01,ANY,100,,0,USD,CARE,,02/02/26
MODR,Filled,BTIA,Sell,BTCO,UF,40,MKT,DAY,40,77.73,,,,,,0.138969468109289,28783.30078125,,42.1281212433002,0.04,ANY,100,,0,USD,CARE,,02/02/26
MODR,Filled,BTIA,Sell,GBTC,UP,181,MKT,DAY,181,60.9,,,,,,0.0345460269146473,523938.6875,,42.0498961958018,0.02,ANY,100,,0,USD,CARE,,02/02/26
MODR,Filled,BTIA,Sell,BTC,UP,36,MKT,DAY,36,34.52,,,,,,0.00670486733791391,536923.375,,41.6976488143082,0.02,ANY,100,,0,USD,CARE,,02/02/26
MODR,Filled,BTIA,Sell,EZBC,UF,70,MKT,DAY,70,45.11,,,,,,0.157998748353665,44304.1484375,,42.1085988900768,0.03,ANY,100,,0,USD,CARE,,02/02/26
MODR,Filled,BTIA,Sell,FBTC,UF,87,MKT,DAY,87,68.02,,,,,,0.0129063447201229,674087.0625,,42.0321064502247,0.04,ANY,100,,0,USD,CARE,,02/02/26
MODR,Filled,BTIA,Sell,BRRR,UQ,149,MKT,DAY,149,22.017785,,,,,,0.105981179449609,140591,,42.5302099659086,0.01,ANY,100,,0,USD,CARE,,02/02/26
MODR,Filled,BTIA,Sell,BITB,UP,78,MKT,DAY,78,42.38,,,,,,0.015889282258967,490896.9375,,42.1075044261677,0.01,ANY,100,,0,USD,CARE,,02/02/26
MODR,Filled,ICBI,Sell,VOO,UP,24,MKT,DAY,24,634.31,,,,,,0.00211578384667355,1134331.375,,14.9497810328303,0.06,AUTO,100,,0,USD,NONE,,02/02/26
MODR,Filled,BTIA,Sell,JEPI,UP,170,MKT,DAY,170,58.17,,,,,,0.0278630942765209,610126.0625,,8.1340887539067,0.03,ANY,100,,0,USD,CARE,,02/02/26
MODR,Filled,ICBI,Sell,SLV,UP,86,MKT,DAY,86,73.86,,,,,,0.00184319629097468,4665808,,57.1906227997258,0.04,AUTO,100,,0,USD,NONE,,02/02/26
MODR,Filled,BTIA,Sell,PALL,UP,56,MKT,DAY,56,157.8,,,,,,0.0239317981147165,233998.296875,,42.4996295393263,0.03,ANY,100,,0,USD,CARE,,02/02/26
MODR,Filled,BTIA,Sell,SLX,UP,35,MKT,DAY,35,94.47,,,,,,0.384161567379195,9110.75,,30.4659706160963,0.36,ANY,100,,0,USD,CARE,,02/02/26
MODR,Filled,BTIA,Sell,GDX,UP,169,MKT,DAY,169,93.97,,,,,,0.00201709433741345,8378388.5,,58.1860535473364,0.05,ANY,100,,0,USD,CARE,,02/02/26
MODR,Filled,BTIA,Sell,URNM,UP,110,MKT,DAY,110,74.19,,,,,,0.0610722623664391,180114.5,,59.4282789730494,0.15,ANY,100,,0,USD,CARE,,02/02/26
MODR,Filled,BTIA,Sell,SPUT,LN,353,MKT,DAY,353,11.45949,,,,,,3.85472176116013,9157.6,,49.70714,,ANY,100,,0,USD,CARE,,02/02/26
MODR,Filled,BTIA,Sell,PSLV,US,728,MKT,DAY,728,26.25,,,,,,0.00796347129463947,9141742,,58.6110975250509,0.01,ANY,100,,0,USD,CARE,,02/02/26
MODR,Filled,BTIA,Sell,PHYS,US,374,MKT,DAY,374,35.46,,,,,,0.0110672105184663,3379352,,25.6091944963729,0.01,ANY,100,,0,USD,CARE,,02/02/26
MODR,Filled,BTIA,Sell,URNJ,UQ,106,MKT,DAY,106,35,,,,,,0.129254426402046,82008.796875,,67.0875258567392,0.29,ANY,100,,0,USD,CARE,,02/02/26
MODR,Filled,ICBI,Sell,GLD,UP,9,MKT,DAY,9,433.86,,,,,,0.000454383236287803,1980706.875,,25.7418834475073,0.03,AUTO,100,,0,USD,NONE,,02/02/26
MODR,Filled,BTIA,Sell,URA,UP,107,MKT,DAY,107,54.6,,,,,,0.0104424156283925,1024667.125,,59.6277501479315,0.06,ANY,100,,0,USD,CARE,,02/02/26
MODR,Filled,BTIA,Sell,UEC,US,507,MKT,DAY,507,17.41,,,,,,0.0039794156679406,12740564,,114.439759851529,0.01,ANY,100,Energy,0,USD,CARE,,02/02/26
MODR,Filled,BTIA,Sell,TRV,UN,19,MKT,DAY,19,285.91,,,,,,0.00254537571796969,746451.6875,,18.7657006552299,0.22,ANY,100,Financials,0,USD,CARE,,02/02/26
MODR,Filled,BTIA,Sell,PGR,US,36,MKT,DAY,36,206.99,,,,,,0.000997550874055461,3608838.5,,23.498153702547,0.03,ANY,100,Financials,0,USD,CARE,,02/02/26
MODR,Filled,ICBI,Sell,PG,UN,76,MKT,DAY,76,152.15,,,,,,0.00263452910912012,2884766,,23.7440230652462,0.03,AUTO,100,Consumer Staples,0,USD,NONE,,02/02/26
MODR,Filled,ICBI,Sell,KO,UN,233,MKT,DAY,233,75,,,,,,0.0037597539797722,6197214,,21.9640427680401,0.01,AUTO,100,Consumer Staples,0,USD,NONE,,02/02/26
MODR,Filled,BTIA,Sell,SII,US,144,MKT,DAY,144,120.3,,,,,,0.0819201601994244,175780.90625,,50.8621295273545,0.15,ANY,100,Financials,0,USD,CARE,,02/02/26
MODR,Filled,BTIA,Sell,SA,UN,289,MKT,DAY,289,28.04,,,,,,0.122408482187766,236094.75,,84.1383389204805,0.01,ANY,100,Materials,0,USD,CARE,,02/02/26
MODR,Filled,BTIA,Sell,SES,UN,1522,MKT,DAY,1522,2.01,,,,,,0.0965779702921214,1575928.75,,91.4161830167081,0.01,ANY,100,Industrials,0,USD,CARE,,02/02/26
MODR,Filled,BTIA,Sell,RZLV,UQ,1070,MKT,DAY,1070,2.55,,,,,,0.0421919257469425,2536030.25,,82.4698325151124,0.01,ANY,100,Information Technology,0,USD,CARE,,02/02/26
MODR,Filled,ICBI,Sell,PM,US,27,MKT,DAY,27,180.86,,,,,,0.000552326434742069,4888413.5,,33.8247374148437,0.01,AUTO,100,Consumer Staples,0,USD,NONE,,02/02/26
MODR,Filled,BTIA,Sell,PBA,UN,127,MKT,DAY,127,40.97,,,,,,0.0169356676328554,749896.625,,21.821764340686,0.02,ANY,100,Energy,0,USD,CARE,,02/02/26
MODR,Filled,BTIA,Sell,NEE,US,131,MKT,DAY,131,88.14,,,,,,0.00108520787115352,12071420,,26.5667663927956,0,ANY,100,Utilities,0,USD,CARE,,02/02/26
MODR,Filled,BTIA,Sell,NXGCF,UV,8307,MKT,DAY,8307,1.264103,,,,,,4.20353154905998,197619.546875,,66.0899737904514,,ANY,100,Materials,0,USD,CARE,,02/02/26
MODR,Filled,ICBI,Sell,NEM,UN,99,MKT,DAY,99,112.35,,,,,,0.00364954960318521,2712663.5,,53.4158341602672,0.03,AUTO,100,Materials,0,USD,NONE,,02/02/26
MODR,Filled,BTIA,Sell,MTA,UA,1930,MKT,DAY,1930,7.38,,,,,,3.78331979267089,51013.3984375,,64.4478414928505,0.02,ANY,100,Materials,0,USD,CARE,,02/02/26
MODR,Filled,ICBI,Sell,DPZ,US,11,MKT,DAY,11,411.6,,,,,,0.00132415433560481,830718.875,,29.2205293905499,0.06,AUTO,100,Consumer Discretionary,0,USD,NONE,,02/02/26
MODR,Filled,ICBI,Sell,MCD,US,17,MKT,DAY,17,319,,,,,,0.000378674057196266,4489349,,19.1317602007709,0.06,AUTO,100,Consumer Discretionary,0,USD,NONE,,02/02/26
MODR,Filled,ICBI,Sell,MKL,US,1,MKT,DAY,1,2030.73,,,,,,0.00126715171518389,78917.1484375,,14.9925939957807,2.09,AUTO,100,Financials,0,USD,NONE,,02/02/26
MODR,Filled,ICBI,Sell,JNJ,UN,91,MKT,DAY,91,228.32,,,,,,0.00329839929769467,2758914,,22.1026153560555,0.01,AUTO,100,Health Care,0,USD,NONE,,02/02/26
MODR,Filled,BTIA,Sell,IGIC,UR,150,MKT,DAY,150,24.92,,,,,,0.444104940609638,33775.80078125,,25.4800127750745,0.11,ANY,100,Financials,0,USD,CARE,,02/02/26
MODR,Filled,ICBI,Sell,HSY,UN,146,MKT,DAY,146,197.34,,,,,,0.0216889730698346,673153.125,,32.9057370532644,0.1,AUTO,100,Consumer Staples,0,USD,NONE,,02/02/26
MODR,Filled,BTIA,Sell,HMY,UN,210,MKT,DAY,210,21.28,,,,,,0.0188934744301003,1111494.875,,73.9339942399145,0.01,ANY,100,Materials,0,USD,CARE,,02/02/26
MODR,Filled,BTIA,Sell,GFI,UN,143,MKT,DAY,143,50.16,,,,,,0.0181261376369601,788916,,67.8506562482458,,ANY,100,Materials,0,USD,CARE,,02/02/26
MODR,Filled,BTIA,Sell,GDS,UQ,147,MKT,DAY,147,43.25,,,,,,0.0173219703564526,848633.25,,62.9010804205238,0.04,ANY,100,Information Technology,0,USD,CARE,,02/02/26
MODR,Filled,BTIA,Sell,AG,UN,363,MKT,DAY,363,20.62,,,,,,0.0185624435743903,1955561.5,,85.4968395996503,0.01,ANY,100,Materials,0,USD,CARE,,02/02/26
MODR,Filled,BTIA,Sell,ESNT,UN,46,MKT,DAY,46,63.15,,,,,,0.012963092613459,354853.59375,,24.5038505642803,0.02,ANY,100,Financials,0,USD,CARE,,02/02/26
MODR,Filled,BTIA,Sell,EQX,UA,347,MKT,DAY,347,14.1,,,,,,0.0234961312214916,1476838.875,,71.5733752516594,0.01,ANY,100,Materials,0,USD,CARE,,02/02/26
MODR,Filled,BTIA,Sell,EQT,US,145,MKT,DAY,145,55.42,,,,,,0.00208764074207998,6945639.5,,27.56684453762,0.01,ANY,100,Energy,0,USD,CARE,,02/02/26
MODR,Filled,BTIA,Sell,DE,UN,6,MKT,DAY,6,527.25,,,,,,0.00147498449345729,406783.9375,,33.1312053393146,0.52,ANY,100,Industrials,0,USD,CARE,,02/02/26
MODR,Filled,ICBI,Sell,COKE,UW,20,MKT,DAY,20,152.26,,,,,,0.0109671463707913,182362.84375,,35.9637167100286,0.23,AUTO,100,Consumer Staples,0,USD,NONE,,02/02/26
MODR,Filled,BTIA,Sell,AGAGF,UV,10553,MKT,DAY,10553,0.489891,,,,,,2.62605321378442,401857.8125,,82.2209944172043,,ANY,100,Materials,0,USD,CARE,,02/02/26
MODR,Filled,ICBI,Sell,CVX,US,45,MKT,DAY,45,173,,,,,,0.000482432902695857,9327722,,26.8880480082171,0.01,AUTO,100,Energy,0,USD,NONE,,02/02/26
MODR,Filled,ICBI,Sell,CB,US,24,MKT,DAY,24,310.91,,,,,,0.00132499543152617,1811327,,19.8547562563089,0.07,AUTO,100,Financials,0,USD,NONE,,02/02/26
MODR,Filled,BTIA,Sell,CGAU,UN,699,MKT,DAY,699,16.82,,,,,,0.169266121485673,412959.1875,,61.8325663198876,0.01,ANY,100,Materials,0,USD,CARE,,02/02/26
MODR,Filled,ICBI,Sell,CAT,UN,6,MKT,DAY,6,659.82,,,,,,0.000651916158149427,920363.75,,43.6183891496526,0.55,AUTO,100,Industrials,0,USD,NONE,,02/02/26
MODR,Filled,BTIA,Sell,CTO,US,299,MKT,DAY,299,17.71,,,,,,0.0772075525899793,387267.8125,,18.1053727040552,0.02,ANY,100,Real Estate,0,USD,CARE,,02/02/26
MODR,Filled,BTIA,Sell,BTI,UN,120,MKT,DAY,120,60.77,,,,,,0.0165507881623246,725041,,32.9831542686401,0.01,ANY,100,Consumer Staples,0,USD,CARE,,02/02/26
MODR,Filled,BTIA,Sell,ANGPY,UV,840,MKT,DAY,840,14.55,,,,,,0.426187510137412,197096.34375,,77.2625805763428,,ANY,100,Materials,0,USD,CARE,,02/02/26
MODR,Filled,BTIA,Sell,AMRZ,UN,189,MKT,DAY,189,52.77,,,,,,0.026426225302097,715198.625,,41.8081788781783,0.04,ANY,100,Materials,0,USD,CARE,,02/02/26
MODR,Filled,ICBI,Sell,AXP,UN,13,MKT,DAY,13,350.35,,,,,,0.00133136956322757,976438.125,,23.8210814006228,0.15,AUTO,100,Financials,0,USD,NONE,,02/02/26
MODR,Filled,BTIA,Sell,AEM,UN,30,MKT,DAY,30,188,,,,,,0.00526507918679097,569792,,51.8415019556478,0.02,ANY,100,Materials,0,USD,CARE,,02/02/26
MODR,Filled,BTIA,Sell,ABBRF,UV,1060,MKT,DAY,1060,8.515566,,,,,,0.613703666345672,172721.796875,,92.8206496669927,,ANY,100,Materials,0,USD,CARE,,02/02/26
MODR,Filled,ICBI,Sell,SPGP,UP,416,MKT,DAY,416,114.91,,,,,,4.14954307041679,10025.2001953125,,18.2574147658192,0.06,AUTO,100,,0,USD,NONE,,02/02/26
MODR,Filled,ICBI,Buy,3067,HK,50000,MKT,DAY,50000,11.56,,,,,,0.115514204550705,43284720,,28.23357,0.005,AUTO,100,,0,HKD,NONE,,02/02/26
MODR,Filled,ICBI,Sell,SLV,UP,150,MKT,DAY,150,89.38,,,,,,0.00321487725170003,4665808,,57.1906227997258,0.04,AUTO,100,,0,USD,NONE,,01/30/26
MODR,Filled,ICBI,Buy,VOO,UP,39,MKT,GTC,39,636.34,,,,,,0.00343814875084452,1134331.375,,14.9497810328303,0.06,MAN,100,,0,USD,NONE,,01/30/26
MODR,Filled,ICBI,Sell,GLD,UP,200,MKT,DAY,200,466.29,,,,,,0.0100974052508401,1980706.875,,25.7418834475073,0.03,AUTO,100,,0,USD,NONE,,01/30/26
MODR,Filled,BTIA,Buy,SRUUF,UV,1040,MKT,DAY,1040,23.896,,,,,,0.292560189116251,355482.40625,,29.0221168134432,,ANY,100,,0,USD,CARE,,01/30/26
MODR,Filled,ICBI,Buy,MSFT,UW,30,MKT,DAY,30,439.07,,,,,,0.000238786354028469,12563532,,35.5249743262538,0.04,AUTO,100,Information Technology,0,USD,NONE,,01/30/26
MODR,Filled,ICBI,Sell,COPX,UP,200,MKT,DAY,200,87.75,,,,,,0.025989347453779,769546.0625,,61.5701222033281,0.07,AUTO,100,,0,USD,NONE,,01/30/26
MODR,Filled,ICBI,Sell,APLD,UW,500,MKT,DAY,500,37.1,,,,,,0.00985103074289972,5075611,,105.947151722873,0.04,AUTO,100,Information Technology,0,USD,NONE,,01/30/26
MODR,Filled,BTIA,Sell,PDBC,UQ,3102,MKT,DAY,3102,15.24,,,,,,0.310893642578298,997768.875,,19.1565738043293,0.01,ANY,100,,0,USD,CARE,,01/29/26
MODR,Filled,BTIA,Sell,SCHE,UP,1678,MKT,DAY,1678,35.47,,,,,,0.453910800475112,369676.15625,,23.454250612984,0.01,ANY,100,,0,USD,CARE,,01/29/26
MODR,Filled,BTIA,Sell,SCHX,UP,12864,MKT,DAY,12864,27.47,,,,,,0.7249602463084,1774442.125,,15.3668238011904,0.01,ANY,100,,0,USD,CARE,,01/29/26
MODR,Filled,BTIA,Sell,SPDW,UP,8844,MKT,DAY,8844,47.79,,,,,,3.09120692270967,286101.84375,,21.9650540126227,0.02,ANY,100,,0,USD,CARE,,01/29/26
MODR,Filled,ICBI,Sell,XLV,UP,36,MKT,DAY,36,154.25,,,,,,0.00119613409460623,3009696,,16.9418241666982,0.03,AUTO,100,,0,USD,NONE,,01/29/26
MODR,Filled,ICBI,Sell,IAU,UP,1167,MKT,DAY,1167,104.36,,,,,,0.0953389700695272,1224053.5,,25.5373824119548,0.01,AUTO,100,,0,USD,NONE,,01/29/26
MODR,Filled,BTIA,Sell,SCHA,UP,8348,MKT,DAY,8348,30.42,,,,,,3.54289968148041,235626.203125,,21.9411564928291,0.02,ANY,100,,0,USD,CARE,,01/29/26
MODR,Filled,BTIA,Sell,SCHM,UP,4206,MKT,DAY,4206,32.06,,,,,,3.20355849388574,131291.5,,18.7074964283877,0.01,ANY,100,,0,USD,CARE,,01/29/26
MODR,Filled,BTIA,Sell,SCHH,UP,3748,MKT,DAY,3748,21.16,,,,,,0.52367322958139,715713.5,,17.2295672575706,0.01,ANY,100,,0,USD,CARE,,01/29/26
MODR,Filled,ICBI,Sell,XLI,UP,53,MKT,DAY,53,165.4,,,,,,0.00286577106814858,1849415,,19.4750599586031,0.06,AUTO,100,,0,USD,NONE,,01/29/26
MODR,Filled,ICBI,Sell,XLY,UP,60,MKT,DAY,60,122.47,,,,,,0.00282628054649903,2122931.5,,22.0601376643935,0.02,AUTO,100,,0,USD,NONE,,01/29/26
MODR,Filled,ICBI,Sell,VSS,UP,857,MKT,DAY,857,156.67,,,,,,2.12457123301189,40337.55078125,,20.5650885882007,0.09,AUTO,100,,0,USD,NONE,,01/29/26
MODR,Filled,ICBI,Sell,VEA,UP,113,MKT,DAY,113,67.36,,,,,,0.0069671367711375,1621900.125,,21.2372299321132,0.02,AUTO,100,,0,USD,NONE,,01/29/26
MODR,Filled,ICBI,Sell,VGK,UP,3799,MKT,DAY,3799,88.65,,,,,,0.663208998012577,572820.9375,,18.1770105031527,0.01,AUTO,100,,0,USD,NONE,,01/29/26
MODR,Filled,BTIA,Sell,SPMD,UP,2853,MKT,DAY,2853,61.18,,,,,,1.13483337200181,251402.546875,,16.2399905851963,0.01,ANY,100,,0,USD,CARE,,01/29/26
MODR,Filled,BTIA,Sell,VWO,UP,4826,MKT,DAY,4826,57.99,,,,,,0.369784945649524,1305082.875,,22.5854100657988,0.02,ANY,100,,0,USD,CARE,,01/29/26
MODR,Filled,BTIA,Sell,IEFA,UF,492,MKT,DAY,492,95.28,,,,,,0.0436065352192569,1128271.25,,17.0344028584674,0.03,ANY,100,,0,USD,CARE,,01/29/26
MODR,Filled,ICBI,Sell,VUG,UP,75,MKT,DAY,75,488.37,,,,,,0.00604176673342819,1241358.75,,21.012012828998,0.02,AUTO,100,,0,USD,NONE,,01/29/26
MODR,Filled,BTIA,Sell,VNQI,UQ,1242,MKT,DAY,1242,48.5,,,,,,2.07896730604998,59741.19921875,,14.7961681259349,0.06,ANY,100,,0,USD,CARE,,01/29/26
MODR,Filled,ICBI,Sell,VO,UP,77,MKT,DAY,77,300.79,,,,,,0.0176893590608214,435289.9375,,14.3597639922264,0.03,AUTO,100,,0,USD,NONE,,01/29/26
MODR,Filled,ICBI,Sell,VV,UP,2784,MKT,DAY,2784,320.72,,,,,,3.7649731725376,73944.75,,15.2831135886323,0.1,AUTO,100,,0,USD,NONE,,01/29/26
MODR,Filled,ICBI,Sell,VPL,UP,979,MKT,DAY,979,100.26,,,,,,0.977651833397555,100137.8984375,,32.8468076338414,0.09,AUTO,100,,0,USD,NONE,,01/29/26
MODR,Filled,ICBI,Sell,VTV,UP,140,MKT,DAY,140,199.45,,,,,,0.0355480904565597,393832.6875,,10.91976551523,0.03,AUTO,100,,0,USD,NONE,,01/29/26
MODR,Filled,ICBI,Sell,VT,UP,68,MKT,DAY,68,147.48,,,,,,0.0130202014768475,522265.34375,,17.0620530477761,0.03,AUTO,100,,0,USD,NONE,,01/29/26
MODR,Filled,ICBI,Sell,VOO,UP,80,MKT,DAY,80,640.41,,,,,,0.00705261282224517,1134331.375,,14.9497810328303,0.06,AUTO,100,,0,USD,NONE,,01/29/26
MODR,Filled,ICBI,Sell,IJR,UP,122,MKT,DAY,122,127.55,,,,,,0.0137358094381618,888189.375,,17.8264388165463,0.07,AUTO,100,,0,USD,NONE,,01/29/26
MODR,Filled,ICBI,Sell,EFA,UP,117,MKT,DAY,117,102.03,,,,,,0.00340806163872712,3433036.5,,17.0151934517097,0.01,AUTO,100,,0,USD,NONE,,01/29/26
MODR,Filled,BTIA,Sell,SCHP,UP,4978,MKT,DAY,4978,26.63,,,,,,1.1850411174214,420069.8125,,4.55224170487158,0.01,ANY,100,,0,USD,CARE,,01/29/26
MODR,Filled,BTIA,Sell,BWX,UP,89,MKT,DAY,89,23,,,,,,0.198659380513018,44800.30078125,,8.43039962708572,0.01,ANY,100,,0,USD,CARE,,01/29/26
MODR,Filled,BTIA,Sell,VGIT,UQ,2529,MKT,DAY,2529,59.8,,,,,,0.547134951300879,462226,,4.28008430313701,0.01,ANY,100,,0,USD,CARE,,01/29/26
MODR,Filled,ICBI,Sell,VCSH,UQ,586,MKT,DAY,586,79.94,,,,,,0.13094152768095,447528,,2.70753290248927,0.01,AUTO,100,,0,USD,NONE,,01/29/26
MODR,Filled,ICBI,Sell,BND,UQ,1796,MKT,DAY,1796,74.16,,,,,,0.203634265036629,881973.375,,4.48271265046867,0.01,AUTO,100,,0,USD,NONE,,01/29/26
MODR,Filled,ICBI,Sell,LQD,UP,250,MKT,DAY,250,110.43,,,,,,0.00504784651800557,4952607,,5.80492158421912,0.02,AUTO,100,,0,USD,NONE,,01/29/26
MODR,Filled,ICBI,Sell,EMB,UQ,90,MKT,DAY,90,96.57,,,,,,0.00673446716194308,1336408.625,,6.75606530910246,0.02,AUTO,100,,0,USD,NONE,,01/29/26
MODR,Filled,ICBI,Sell,TLT,UQ,50,MKT,DAY,50,87.15,,,,,,0.000638777104669953,7827456.5,,9.57929758935427,0.01,AUTO,100,,0,USD,NONE,,01/29/26
MODR,Filled,BTIA,Sell,IGIB,UQ,229,MKT,DAY,229,53.945,,,,,,0.0951793936093298,240598.296875,,4.98569907003698,0.02,ANY,100,,0,USD,CARE,,01/29/26
MODR,Filled,BTIA,Sell,IGOV,UQ,4605,MKT,DAY,4605,42.8,,,,,,10.1783587103026,45243.05078125,,9.2061340868364,0.02,ANY,100,,0,USD,CARE,,01/29/26
MODR,Filled,CICD,Sell,VGSH,UQ,43,MKT,DAY,43,58.79,,,,,,0.0122286153865842,351634.25,,1.89543103561189,0.01,AUTO,100,,0,USD,SMART US,,01/29/26
MODR,Filled,ICBI,Buy,VWO,UP,257,MKT,GTC,257,58.09,,,,,,0.0196922360198773,1305082.875,,22.5854100657988,0.02,MAN,100,,0,USD,NONE,,01/28/26
MODR,Filled,ICBI,Buy,INFL,UP,1290,MKT,DAY,1290,50.48,,,,,,3.0821573570874,41853.80078125,,16.7350005960293,0.13,AUTO,100,,0,USD,NONE,,01/28/26
MODR,Filled,ICBI,Sell,VUG,UP,184,MKT,DAY,184,491.88,,,,,,0.0148224677193438,1241358.75,,21.012012828998,0.02,AUTO,100,,0,USD,NONE,,01/28/26
MODR,Filled,ICBI,Sell,SLV,UP,3,MKT,DAY,3,96.03,,,,,,6.42975450340005E-05,4665808,,57.1906227997258,0.04,AUTO,100,,0,USD,NONE,,01/27/26
MODR,Filled,ICBI,Buy,SPY,UP,311,MKT,DAY,311,694.18,,,,,,0.00286523395141927,10854262,,14.9237476209207,0.02,AUTO,100,,0,USD,NONE,,01/27/26
MODR,Filled,ICBI,Buy,GLD,UP,280,MKT,DAY,280,465.14,,,,,,0.0141363673511761,1980706.875,,25.7418834475073,0.03,AUTO,100,,0,USD,NONE,,01/27/26
MODR,Filled,ICBI,Sell,SLV,UP,98,MKT,DAY,98,98.16,,,,,,0.00210038647111068,4665808,,57.1906227997258,0.04,AUTO,100,,0,USD,NONE,,01/27/26
MODR,Filled,ICBI,Buy,VOO,UP,283,MKT,GTC,283,635.09,,,,,,0.0249486178586923,1134331.375,,14.9497810328303,0.06,MAN,100,,0,USD,NONE,,01/26/26
MODR,Filled,BTIA,Buy,PAVE,UF,539,MKT,DAY,539,51.62,,,,,,0.342793340412588,157237.59375,,22.8223966938146,0.03,ANY,100,,0,USD,CARE,,01/23/26
MODR,Filled,ICBI,Buy,INFL,UP,502,MKT,DAY,502,49.94,,,,,,1.19941317306812,41853.80078125,,16.7350005960293,0.13,AUTO,100,,0,USD,NONE,,01/23/26
MODR,Filled,BTIA,Buy,COWZ,UF,257,MKT,DAY,257,62.155,,,,,,0.292434753118165,87882.8515625,,12.2724471353339,0.02,ANY,100,,0,USD,CARE,,01/23/26
MODR,Filled,ICBI,Buy,AMZN,UW,42,MKT,GTC,42,234.81,,,,,,0.000287200872598308,14623911,,33.1024499736,0.02,MAN,100,Consumer Discretionary,0,USD,NONE,,01/23/26
MODR,Filled,ICBI,Buy,VWO,UP,300,MKT,GTC,300,56.44,,,,,,0.0229870459375999,1305082.875,,22.5854100657988,0.02,MAN,100,,0,USD,NONE,,01/23/26
MODR,Filled,ICBI,Buy,ZLAB,UQ,1000,MKT,GTD,1000,18.24,,,,,,0.31129549316113,321238.1875,,48.6014724864517,0.01,MAN,100,Health Care,0,USD,NONE,,01/23/26
MODR,Filled,ICBI,Buy,APLS,US,500,20,GTD,500,20,,,,,,,0,,,,MAN,100,,0,USD,NONE,,01/23/26
MODR,Filled,ICBI,Buy,EWTX,UW,1000,29,GTD,1000,28.998,,,,,,0.19244446203173,519630.4375,,69.686792571882,0.03,MAN,100,Health Care,0,USD,NONE,,01/23/26
MODR,Filled,ICBI,Buy,VERA,UQ,500,45,GTD,500,45,,,,,,0.121953747821601,409991.5,,67.0629519533178,0.04,MAN,100,Health Care,0,USD,NONE,,01/23/26
MODR,Filled,ICBI,Buy,3067,HK,2500,MKT,DAY,2500,12.19,,,,,,0.00577571022753526,43284720,,28.23357,0.005,AUTO,100,,0,HKD,NONE,,01/23/26
MODR,Filled,ICBI,Buy,INFL,UP,2033,MKT,DAY,2033,49.41,,,,,,4.85738442399898,41853.80078125,,16.7350005960293,0.13,AUTO,100,,0,USD,NONE,,01/22/26
MODR,Filled,ICBI,Buy,QQQ,UQ,70,610,GTC,70,610,,,,,,0.000642916179619392,10887889,,26.6496390402537,0.06,MAN,100,,0,USD,NONE,,01/22/26
MODR,Filled,ICBI,Buy,IGOV,UQ,31000,MKT,DAY,31000,41.75,,,,,,68.518809993351,45243.05078125,,9.2061340868364,0.02,AUTO,100,,0,USD,NONE,,01/21/26
MODR,Filled,ICBI,Buy,WIP,UP,25000,MKT,DAY,25000,40.25,,,,,,196.90543116713,12696.4501953125,,10.7111061696346,0.09,AUTO,100,,0,USD,NONE,,01/21/26
MODR,Filled,ICBI,Sell,GLD,UP,112,MKT,DAY,112,446.87,,,,,,0.00565454694047043,1980706.875,,25.7418834475073,0.03,AUTO,100,,0,USD,NONE,,01/21/26
MODR,Filled,ICBI,Sell,SPGP,UP,391,MKT,DAY,391,114.35,,,,,,3.90017149166578,10025.2001953125,,18.2574147658192,0.06,AUTO,100,,0,USD,NONE,,01/21/26
MODR,Filled,ICBI,Buy,AVGO,UW,94,330,GTC,94,330,,,,,,0.000806473061654866,11655690,,68.0171356564077,0.58,MAN,100,Information Technology,0,USD,NONE,,01/21/26
MODR,Filled,ICBI,Sell,SPY,UP,1240,MKT,DAY,1240,681.45,,,,,,0.0114240839220575,10854262,,14.9237476209207,0.02,AUTO,100,,0,USD,NONE,,01/20/26
MODR,Filled,ICBI,Sell,TIP,UP,4000,MKT,DAY,4000,109.71,,,,,,0.740778122599705,539972.75,,5.14215177806949,0.01,AUTO,100,,0,USD,NONE,,01/20/26
MODR,Filled,ICBI,Sell,TLT,UQ,12160,MKT,DAY,12160,86.62,,,,,,0.155350591855732,7827456.5,,9.57929758935427,0.01,AUTO,100,,0,USD,NONE,,01/20/26
MODR,Filled,ICBI,Sell,TIP,UP,1811,MKT,DAY,1811,109.71,,,,,,0.335387295007017,539972.75,,5.14215177806949,0.01,AUTO,100,,0,USD,NONE,,01/20/26
MODR,Filled,ICBI,Sell,QQQ,UQ,375,MKT,DAY,375,610.75,,,,,,0.0034441938193896,10887889,,26.6496390402537,0.06,AUTO,100,,0,USD,NONE,,01/20/26
MODR,Filled,BTIA,Sell,SMR,UN,232,MKT,DAY,232,19.6,,,,,,0.00371317336278264,6248025,,107.918174479466,0.01,ANY,100,Industrials,0,USD,CARE,,01/20/26
MODR,Filled,BTIA,Sell,ETHA,UQ,102,MKT,DAY,102,23.15,,,,,,0.00140408895481683,7264497,,61.6622516031175,0.01,ANY,100,,0,USD,CARE,,01/20/26
MODR,Filled,BTIA,Sell,ARKB,UF,120,MKT,DAY,120,30.16,,,,,,0.0458719267750256,261597.90625,,42.1400841613454,0.01,ANY,100,,0,USD,CARE,,01/20/26
MODR,Filled,ICBI,Buy,SPY,UP,144,MKT,DAY,144,693.65,,,,,,0.00132666781030346,10854262,,14.9237476209207,0.02,AUTO,100,,0,USD,NONE,,01/16/26
MODR,Filled,EFIX,Buy,9626,HK,3,MKT,DAY,3,42,,,,,,5.40006858087098E-05,5555485,,51.2531,0.1,ANY,100,Communication Services,0,HKD,,,01/16/26
MODR,Filled,ICBI,Buy,3905,JP,2000,MKT,GTD,2000,2273,,,,,,0.0556716928926733,3592490,,176.6471,10,MAN,100,Information Technology,0,JPY,NONE,,01/15/26
MODR,Filled,ICBI,Buy,XLE,UP,800,MKT,DAY,800,47.63,,,,,,0.00817018745575971,9791697,,26.2914103297151,0.01,MAN,100,,0,USD,NONE,,01/15/26
MODR,Filled,ICBI,Sell,APLD,UW,1000,MKT,DAY,1000,36,,,,,,0.0197020614857994,5075611,,105.947151722873,0.04,AUTO,100,Information Technology,0,USD,NONE,,01/14/26
MODR,Filled,BTIA,Buy,PAVE,UF,785,MKT,DAY,785,50.69,,,,,,0.499244475368983,157237.59375,,22.8223966938146,0.03,ANY,100,,0,USD,CARE,,01/14/26
MODR,Filled,BTIA,Buy,PAVE,UF,1295,MKT,DAY,1295,50.69,,,,,,0.823594389302972,157237.59375,,22.8223966938146,0.03,ANY,100,,0,USD,CARE,,01/14/26
MODR,Filled,ICBI,Sell,GLD,UP,400,MKT,OPG,400,426.11,,,,,,0.0201948105016801,1980706.875,,25.7418834475073,0.03,MAN,100,,0,USD,NONE,,01/14/26
MODR,Filled,ICBI,Sell,GLD,UP,400,MKT,OPG,400,426.11,,,,,,0.0201948105016801,1980706.875,,25.7418834475073,0.03,MAN,100,,0,USD,NONE,,01/14/26
MODR,Filled,ICBI,Sell,SLV,UP,1200,MKT,OPG,1200,83.38,,,,,,0.0257190180136002,4665808,,57.1906227997258,0.04,MAN,100,,0,USD,NONE,,01/14/26
MODR,Filled,ICBI,Sell,SLV,UP,1000,MKT,OPG,1000,83.38,,,,,,0.0214325150113335,4665808,,57.1906227997258,0.04,MAN,100,,0,USD,NONE,,01/14/26
MODR,Filled,ICBI,Buy,3905,JP,2000,MKT,GTD,2000,2185,,,,,,0.0556716928926733,3592490,,176.6471,10,MAN,100,Information Technology,0,JPY,NONE,,01/13/26
MODR,Filled,ICBI,Buy,VUG,UP,67,MKT,DAY,67,492.25,,,,,,0.00539731161519585,1241358.75,,21.012012828998,0.02,AUTO,100,,0,USD,NONE,,01/13/26
MODR,Filled,ICBI,Buy,VXUS,UQ,420,MKT,DAY,420,78.4,,,,,,0.0529271760650078,793543.1875,,21.348132564437,0.01,AUTO,100,,0,USD,NONE,,01/13/26
MODR,Filled,ICBI,Buy,SLV,UP,128,MKT,DAY,128,80.05,,,,,,0.00274336192145069,4665808,,57.1906227997258,0.04,AUTO,100,,0,USD,NONE,,01/13/26
MODR,Filled,ICBI,Buy,PHAT,UW,1500,MKT,DAY,1500,15.01,,,,,,0.430057970022451,348790.1875,,59.0548552025028,0.01,AUTO,100,Health Care,0,USD,NONE,,01/12/26
MODR,Filled,ICBI,Sell,APLD,UW,1000,MKT,DAY,1000,36.63,,,,,,0.0197020614857994,5075611,,105.947151722873,0.04,AUTO,100,Information Technology,0,USD,NONE,,01/12/26
MODR,Filled,BTIA,Sell,REKR,UR,1930,MKT,DAY,1930,1.69,,,,,,0.443923945535075,434759.15625,,68.3995713704744,0.0014,ANY,100,Information Technology,0,USD,CARE,,01/12/26
MODR,Filled,BTIA,Sell,PPTA,UR,192,MKT,DAY,192,30.5,,,,,,0.0349417415842099,549486.0625,,84.7795727789899,0.02,ANY,100,Materials,0,USD,CARE,,01/12/26
MODR,Filled,ICBI,Sell,NLY,US,250,MKT,DAY,250,23.12,,,,,,0.00289604853870024,8632452,,20.4960195179915,0.01,AUTO,100,Financials,0,USD,NONE,,01/12/26
MODR,Filled,ICBI,Sell,KNSL,UN,25,MKT,DAY,25,398.35,,,,,,0.027651349662377,90411.5,,32.8499049921316,0.17,AUTO,100,Financials,0,USD,NONE,,01/12/26
MODR,Filled,ICBI,Sell,VOO,UP,18,MKT,DAY,18,635.27,,,,,,0.00158683788500516,1134331.375,,14.9497810328303,0.06,AUTO,100,,0,USD,NONE,,01/12/26
MODR,Filled,ICBI,Buy,AVGO,UW,54,MKT,DAY,54,413.84,,,,,,0.000463293035418753,11655690,,68.0171356564077,0.58,AUTO,100,Information Technology,0,USD,NONE,,06/22/26
MODR,Filled,ICBI,Buy,AMD,UW,137,MKT,DAY,137,532.73,,,,,,0.00149170882105134,9184098,,76.3136209917408,0.5,AUTO,100,Information Technology,0,USD,NONE,,06/18/26
MODR,Filled,ICBI,Buy,GEV,US,65,MKT,DAY,65,1100,,,,,,0.00207508155868634,3132407,,50.4387104484566,0.53,AUTO,100,Industrials,0,USD,NONE,,06/18/26
MODR,Filled,ICBI,Buy,AEM,UN,331,MKT,DAY,331,172.77,,,,,,0.0580913736942604,569792,,51.8415019556478,0.02,AUTO,100,Materials,0,USD,NONE,,06/18/26
MODR,Filled,ICBI,Buy,AVGO,UW,123,MKT,DAY,123,409.8,,,,,,0.00105527858067605,11655690,,68.0171356564077,0.58,AUTO,100,Information Technology,0,USD,NONE,,06/18/26
MODR,Filled,ICBI,Buy,TSM,UN,113,MKT,DAY,113,439.2,,,,,,0.00364505105692368,3100093.75,,48.2446092894198,0.21,AUTO,100,Information Technology,0,USD,NONE,,06/18/26
MODR,Filled,ICBI,Buy,NEM,UN,718,MKT,DAY,718,107.46,,,,,,0.0264684506574442,2712663.5,,53.4158341602672,0.03,AUTO,100,Materials,0,USD,NONE,,06/18/26
MODR,Filled,ICBI,Buy,META,UW,86,MKT,DAY,86,572.86,,,,,,0.00158209029633195,5435846.5,,39.7370115569344,0.29,AUTO,100,Communication Services,0,USD,NONE,,06/18/26
MODR,Filled,ICBI,Buy,GOOGL,UW,169,MKT,DAY,169,365.96,,,,,,0.00152790777801796,11060877,,32.8793099796081,0.19,AUTO,100,Communication Services,0,USD,NONE,,06/18/26
MODR,Filled,ICBI,Buy,MU,UW,121,MKT,DAY,121,1110,,,,,,0.000820800690395133,14741703,,110.163922961562,1.19,AUTO,100,Information Technology,0,USD,NONE,,06/18/26
MODR,Filled,ICBI,Buy,SNDK,UW,49,MKT,DAY,49,2041.76,,,,,,0.00203378574689744,2409300,,92.7654030886812,0.86,AUTO,100,Information Technology,0,USD,NONE,,06/18/26
MODR,Filled,ICBI,Buy,NVDA,UW,567,MKT,DAY,567,207.5,,,,,,0.00116419397615238,48703224,,44.0791454419663,0.02,AUTO,100,Information Technology,0,USD,NONE,,06/18/26
MODR,Filled,ICBI,Buy,MSFT,UW,134,MKT,DAY,134,378.1,,,,,,0.00106657904799383,12563532,,35.5249743262538,0.04,AUTO,100,Information Technology,0,USD,NONE,,06/18/26
MODR,Filled,ICBI,Buy,ALB,UN,293,MKT,DAY,293,168.82,,,,,,0.0419064315556145,699176.6875,,53.0119531626389,0.07,AUTO,100,Materials,0,USD,NONE,,06/18/26
MODR,Filled,ICBI,Buy,LLY,UN,53,MKT,DAY,53,1122.33,,,,,,0.00599864450441045,883532.9375,,30.2907583729295,0.69,AUTO,100,Health Care,0,USD,NONE,,06/18/26
MODR,Filled,ICBI,Sell,URI,UN,100,1049,GTD,100,1063.59,,,,,,0.0661487426829413,151174.453125,,32.9683614625104,0.69,MAN,100,Industrials,0,USD,NONE,,06/18/26
MODR,Filled,ICBI,Buy,INFL,UP,588,MKT,DAY,588,51.17,,,,,,1.40489033020728,41853.80078125,,16.7350005960293,0.13,AUTO,100,,0,USD,NONE,,06/17/26
MODR,Filled,ICBI,Buy,MSFT,UW,76,MKT,DAY,76,390,,,,,,0.000604925430205455,12563532,,35.5249743262538,0.04,AUTO,100,Information Technology,0,USD,NONE,,06/17/26
MODR,Filled,ICBI,Buy,GOOG,UW,80,MKT,DAY,80,367.2,,,,,,0.000950325985571201,8418164,,32.7753573050057,0.06,AUTO,100,Communication Services,0,USD,NONE,,06/17/26
MODR,Filled,ICBI,Buy,MSFT,UW,38,MKT,DAY,38,390,,,,,,0.000302462715102727,12563532,,35.5249743262538,0.04,AUTO,100,Information Technology,0,USD,NONE,,06/17/26
MODR,Filled,ICBI,Buy,GLD,UP,75,MKT,DAY,75,399.14,,,,,,0.00378652696906502,1980706.875,,25.7418834475073,0.03,AUTO,100,,0,USD,NONE,,06/15/26
MODR,Filled,ICBI,Buy,SPY,UP,53,MKT,DAY,53,751.76,,,,,,0.000488287457958911,10854262,,14.9237476209207,0.02,AUTO,100,,0,USD,NONE,,06/15/26
MODR,Filled,ICBI,Buy,MSFT,UW,200,MKT,DAY,200,396.65,,,,,,0.00159190902685646,12563532,,35.5249743262538,0.04,AUTO,100,Information Technology,0,USD,NONE,,06/15/26
MODR,Filled,ICBI,Buy,PAVE,UF,1365,MKT,DAY,1365,58.71,,,,,,0.86811300494097,157237.59375,,22.8223966938146,0.03,AUTO,100,,0,USD,NONE,,06/15/26
MODR,Filled,ICBI,Buy,SPY,UP,101,MKT,DAY,101,751.76,,,,,,0.000930510061393396,10854262,,14.9237476209207,0.02,AUTO,100,,0,USD,NONE,,06/15/26
MODR,Filled,ICBI,Buy,SPY,UP,26,MKT,DAY,26,751.76,,,,,,0.000239537243527013,10854262,,14.9237476209207,0.02,AUTO,100,,0,USD,NONE,,06/15/26
MODR,Filled,ICBI,Buy,GDX,UP,636,MKT,DAY,636,78.47,,,,,,0.00759095857156779,8378388.5,,58.1860535473364,0.05,AUTO,100,,0,USD,NONE,,06/12/26
MODR,Filled,ICBI,Buy,SMH,UQ,34,MKT,DAY,34,583.1,,,,,,0.00136064739603103,2498810.5,,55.8821326962082,0.89,AUTO,100,,0,USD,NONE,,06/11/26
MODR,Filled,ICBI,Buy,SMH,UQ,23,MKT,DAY,23,583.1,,,,,,0.000920437944373933,2498810.5,,55.8821326962082,0.89,AUTO,100,,0,USD,NONE,,06/11/26
MODR,Filled,ICBI,Buy,SMH,UQ,34,MKT,DAY,34,583.1,,,,,,0.00136064739603103,2498810.5,,55.8821326962082,0.89,AUTO,100,,0,USD,NONE,,06/11/26
MODR,Filled,ICBI,Buy,SPY,UP,21,725,GTC,21,725,,,,,,0.000193472389002587,10854262,,14.9237476209207,0.02,MAN,100,,0,USD,NONE,,06/11/26
MODR,Filled,ICBI,Buy,SPY,UP,41,725,GTC,41,725,,,,,,0.000377731807100289,10854262,,14.9237476209207,0.02,MAN,100,,0,USD,NONE,,06/10/26
MODR,Filled,ICBI,Buy,AVGO,UW,75,400,GTC,75,400,,,,,,0.000643462549192712,11655690,,68.0171356564077,0.58,MAN,100,Information Technology,0,USD,NONE,,06/09/26
MODR,Filled,ICBI,Buy,MSFT,UW,73,408,GTC,73,408,,,,,,0.000581046794802608,12563532,,35.5249743262538,0.04,MAN,100,Information Technology,0,USD,NONE,,06/09/26
MODR,Filled,ICBI,Buy,SPY,UP,67,MKT,DAY,67,743.62,,,,,,0.000617269050627302,10854262,,14.9237476209207,0.02,AUTO,100,,0,USD,NONE,,06/09/26
MODR,Filled,ICBI,Buy,INFL,UP,988,MKT,DAY,988,50.81,,,,,,2.36059803783128,41853.80078125,,16.7350005960293,0.13,AUTO,100,,0,USD,NONE,,06/09/26
MODR,Filled,ICBI,Buy,SPY,UP,40,MKT,DAY,40,743.62,,,,,,0.000368518836195404,10854262,,14.9237476209207,0.02,AUTO,100,,0,USD,NONE,,06/09/26
MODR,Filled,ICBI,Buy,SPY,UP,202,MKT,DAY,202,743.62,,,,,,0.00186102012278679,10854262,,14.9237476209207,0.02,AUTO,100,,0,USD,NONE,,06/09/26
MODR,Filled,ICBI,Buy,QQQ,UQ,208,MKT,DAY,208,722.7,,,,,,0.00191037950515476,10887889,,26.6496390402537,0.06,AUTO,100,,0,USD,NONE,,06/09/26
MODR,Filled,ICBI,Buy,ACWI,UQ,419,MKT,DAY,419,156.22,,,,,,0.062300490207467,672546.875,,16.6971217301847,0.07,AUTO,100,,0,USD,NONE,,06/09/26
MODR,Filled,ICBI,Sell,3067,HK,50000,MKT,DAY,50000,10.07,,,,,,0.115514204550705,43284720,,28.23357,0.005,AUTO,100,,0,HKD,NONE,,06/09/26
MODR,Filled,ICBI,Sell,TLT,UQ,1176,MKT,DAY,1176,84.98,,,,,,0.0150240375018373,7827456.5,,9.57929758935427,0.01,AUTO,100,,0,USD,NONE,,06/09/26
MODR,Filled,ICBI,Buy,ROOT,UW,1300,52,GTD,1300,52,,,,,,1.35848334478193,95694.953125,,82.5179671066888,0.23,MAN,100,Financials,0,USD,NONE,,06/09/26
MODR,Filled,ICBI,Buy,FOUR,UN,1800,38,GTD,1800,37.43,,,,,,0.347515945763138,517961.84375,,58.5351672280912,0.04,MAN,100,Financials,0,USD,NONE,,06/09/26
MODR,Filled,ICBI,Buy,NVDA,UW,150,200,GTC,150,200,,,,,,0.000307987824378936,48703224,,44.0791454419663,0.02,MAN,100,Information Technology,0,USD,NONE,,06/08/26
MODR,Filled,ICBI,Sell,COWZ,UF,458,MKT,DAY,458,64.1,,,,,,0.521148314895406,87882.8515625,,12.2724471353339,0.02,AUTO,100,,0,USD,NONE,,06/08/26
MODR,Filled,ICBI,Buy,SMH,UQ,144,MKT,DAY,144,597.31,,,,,,0.00576274191260202,2498810.5,,55.8821326962082,0.89,AUTO,100,,0,USD,NONE,,06/08/26
MODR,Filled,ICBI,Buy,1306,JP,400000,MKT,GTD,400000,408.9,,,,,,1.80636327591206,22143940,,20.35029,0.1,MAN,100,,0,JPY,NONE,,06/05/26
MODR,Filled,ICBI,Buy,INFL,UP,1887,MKT,DAY,1887,52.22,,,,,,4.50855111071622,41853.80078125,,16.7350005960293,0.13,AUTO,100,,0,USD,NONE,,06/05/26
MODR,Filled,ICBI,Buy,QQQ,UQ,100,MKT,DAY,100,729.99,,,,,,0.00091845168517056,10887889,,26.6496390402537,0.06,AUTO,100,,0,USD,NONE,,06/05/26
MODR,Filled,ICBI,Sell,CRWD,UW,22,MKT,DAY,22,678,,,,,,0.00199047107212201,1105266,,56.7305438602541,0.58,AUTO,100,Information Technology,0,USD,NONE,,06/04/26
MODR,Filled,ICBI,Sell,ADI,UW,74,MKT,DAY,74,427.78,,,,,,0.00329337043418972,2246938.25,,48.9720431449793,0.23,AUTO,100,Information Technology,0,USD,NONE,,06/04/26
MODR,Filled,ICBI,Sell,PANW,UW,56,MKT,DAY,56,270,,,,,,0.00180311352628151,3105739,,53.4890830803416,0.04,AUTO,100,Information Technology,0,USD,NONE,,06/04/26
MODR,Filled,ICBI,Sell,TSM,UN,213,MKT,DAY,213,428.18,,,,,,0.00687075995685614,3100093.75,,48.2446092894198,0.21,AUTO,100,Information Technology,0,USD,NONE,,06/04/26
MODR,Filled,ICBI,Sell,KLAC,UW,10,MKT,DAY,10,2053.85,,,,,,0.000185797646482632,5382199.5,,76.2014520927801,0.62,AUTO,100,Information Technology,0,USD,NONE,,06/04/26
MODR,Filled,ICBI,Buy,VEGI,UP,600,MKT,DAY,600,44.78,,,,,,7.49367720985419,8006.75,,15.3087075348816,0.12,AUTO,100,,0,USD,NONE,,06/03/26
MODR,Filled,ICBI,Buy,XBI,UP,783,MKT,DAY,783,127.57,,,,,,0.0341803258829972,2290791.5,,34.4808177527667,0.02,AUTO,100,,0,USD,NONE,,06/03/26
MODR,Filled,BTIA,Buy,PAVE,UF,843,MKT,DAY,843,56.71,,,,,,0.536131328326182,157237.59375,,22.8223966938146,0.03,ANY,100,,0,USD,CARE,,06/03/26
MODR,Filled,ICBI,Buy,GDX,UP,363,MKT,DAY,363,86.39,,,,,,0.00433257541113067,8378388.5,,58.1860535473364,0.05,AUTO,100,,0,USD,NONE,,06/03/26
MODR,Filled,ICBI,Buy,ACWI,UQ,631,MKT,DAY,631,159.69,,,,,,0.0938224566131543,672546.875,,16.6971217301847,0.07,AUTO,100,,0,USD,NONE,,06/03/26
MODR,Filled,ICBI,Buy,ACWI,UQ,937,MKT,DAY,937,159.69,,,,,,0.139321143972307,672546.875,,16.6971217301847,0.07,AUTO,100,,0,USD,NONE,,06/03/26
MODR,Filled,ICBI,Buy,GOOG,UW,246,MKT,DAY,246,358.39,,,,,,0.00292225240563144,8418164,,32.7753573050057,0.06,AUTO,100,Communication Services,0,USD,NONE,,06/03/26
MODR,Filled,ICBI,Buy,SGOV,UN,31000,MKT,DAY,31000,100.4,,,,,,3.15195986131631,983515.0625,,0.864246555392383,0.01,AUTO,100,,0,USD,NONE,,06/02/26
MODR,Filled,ICBI,Sell,VXUS,UQ,4403,MKT,DAY,4403,86.54,,,,,,0.554853229081499,793543.1875,,21.348132564437,0.01,AUTO,100,,0,USD,NONE,,06/02/26
MODR,Filled,ICBI,Buy,3905,JT,2000,MKT,DAY,2000,4310,,,,,,0.0556716928926733,3592490,,176.6471,10,MAN,100,Information Technology,0,JPY,NONE,,06/02/26
MODR,Filled,BTIA,Buy,DBB,US,1000,MKT,DAY,1000,26.33601,,,,,,0.246140630295389,406271.8125,,20.1747289293103,0.01,ANY,100,,0,USD,CARE,,06/01/26
MODR,Filled,ICBI,Buy,NVDA,UW,148,MKT,DAY,148,215.87,,,,,,0.000303881320053884,48703224,,44.0791454419663,0.02,AUTO,100,Information Technology,0,USD,NONE,,06/01/26
MODR,Filled,ICBI,Buy,MSFT,UW,15,MKT,DAY,15,465,,,,,,0.000119393177014235,12563532,,35.5249743262538,0.04,AUTO,100,Information Technology,0,USD,NONE,,06/01/26
MODR,Filled,ICBI,Buy,EEM,US,300,MKT,DAY,300,69.36,,,,,,0.000892991091520871,33594960,,36.6808735913761,0.01,AUTO,100,,0,USD,NONE,,06/01/26
MODR,Filled,BTIA,Buy,3905,JT,300,MKT,DAY,300,5360,,,,,,0.008350753933901,3592490,,176.6471,10,ANY,100,Information Technology,0,JPY,CARE,,06/01/26
MODR,Filled,BTIA,Buy,3905,JT,600,MKT,DAY,600,5570,,,,,,0.016701507867802,3592490,,176.6471,10,ANY,100,Information Technology,0,JPY,CARE,,06/01/26
MODR,Filled,ICBI,Buy,GOOG,UW,72,MKT,DAY,72,381,,,,,,0.000855293387014081,8418164,,32.7753573050057,0.06,AUTO,100,Communication Services,0,USD,NONE,,05/29/26
MODR,Filled,ICBI,Buy,AMZN,UW,109,MKT,DAY,109,271.34,,,,,,0.000745354645552753,14623911,,33.1024499736,0.02,AUTO,100,Consumer Discretionary,0,USD,NONE,,05/29/26
MODR,Filled,ICBI,Buy,MSFT,UW,25,MKT,DAY,25,432.5,,,,,,0.000198988628357058,12563532,,35.5249743262538,0.04,AUTO,100,Information Technology,0,USD,NONE,,05/29/26
MODR,Filled,ICBI,Buy,NVDA,UW,69,MKT,DAY,69,214.3,,,,,,0.000141674399214311,48703224,,44.0791454419663,0.02,AUTO,100,Information Technology,0,USD,NONE,,05/29/26
MODR,Filled,ICBI,Buy,XLF,UP,486,MKT,DAY,486,51.28,,,,,,0.00524366649245322,9268324,,14.5126717402459,0.01,AUTO,100,,0,USD,NONE,,05/29/26
MODR,Filled,ICBI,Sell,TLT,UQ,235,MKT,DAY,235,85.81,,,,,,0.00300225239194878,7827456.5,,9.57929758935427,0.01,AUTO,100,,0,USD,NONE,,05/29/26
MODR,Filled,ICBI,Buy,MSFT,UW,23,MKT,DAY,23,432.5,,,,,,0.000183069538088493,12563532,,35.5249743262538,0.04,AUTO,100,Information Technology,0,USD,NONE,,05/29/26
MODR,Filled,ICBI,Buy,MSFT,UW,23,MKT,DAY,23,432.5,,,,,,0.000183069538088493,12563532,,35.5249743262538,0.04,AUTO,100,Information Technology,0,USD,NONE,,05/29/26
MODR,Filled,ICBI,Buy,388,HK,700,400,DAY,700,400,,,,,,0.0124805103458973,5608745,,20.02233,0.2,AUTO,100,Financials,0,HKD,NONE,,05/29/26
MODR,Filled,ICBI,Buy,GDX,UP,352,85.2,GTC,352,84.53,,,,,,0.00420128524715702,8378388.5,,58.1860535473364,0.05,MAN,100,,0,USD,NONE,,05/28/26
MODR,Filled,ICBI,Buy,ISRG,UW,95,420,GTC,95,418.2,,,,,,0.0101693232462567,934182.125,,38.4410178463567,0.07,MAN,100,Health Care,0,USD,NONE,,05/28/26
MODR,Filled,ICBI,Buy,MIRM,UQ,250,100,GTD,250,99.04,,,,,,0.0832578722139444,300271.90625,,50.7291810038687,0.03,MAN,100,Health Care,0,USD,NONE,,05/27/26
MODR,Filled,ICBI,Buy,IRON,UQ,500,68,GTD,500,68,,,,,,0.30896515500637,161830.546875,,43.3108988326157,0.06,MAN,100,Health Care,0,USD,NONE,,05/27/26
MODR,Filled,ICBI,Buy,GPCR,UQ,250,38.5,GTD,250,38.5,,,,,,0.115906148473458,215691.75,,52.0704910433639,0.1,MAN,100,Health Care,0,USD,NONE,,05/27/26
MODR,Filled,ICBI,Buy,MSFT,UW,72,MKT,DAY,72,411,,,,,,0.000573087249668326,12563532,,35.5249743262538,0.04,AUTO,100,Information Technology,0,USD,NONE,,05/27/26
MODR,Filled,ICBI,Buy,LLY,UN,28,MKT,DAY,28,1070,,,,,,0.00316909520987722,883532.9375,,30.2907583729295,0.69,AUTO,100,Health Care,0,USD,NONE,,05/27/26
MODR,Filled,ICBI,Buy,ISRG,UW,34,MKT,DAY,34,439.42,,,,,,0.00363954726708135,934182.125,,38.4410178463567,0.07,AUTO,100,Health Care,0,USD,NONE,,05/26/26
MODR,Filled,ICBI,Buy,PAVE,UF,540,MKT,DAY,540,55.58,,,,,,0.343429320635988,157237.59375,,22.8223966938146,0.03,AUTO,100,,0,USD,NONE,,05/26/26
MODR,Filled,ICBI,Buy,DLTR,UW,900,MKT,DAY,900,94.08,,,,,,0.0645619298206443,1394010.375,,65.3602941719959,0.02,AUTO,100,Consumer Staples,0,USD,NONE,,05/26/26
MODR,Filled,ICBI,Buy,BLK,UN,100,MKT,DAY,100,1079.38,,,,,,0.0450816485006407,221819.75,,26.7628866169856,0.67,AUTO,100,Financials,0,USD,NONE,,05/26/26
MODR,Filled,ICBI,Buy,QQQ,UQ,120,MKT,DAY,120,726,,,,,,0.00110214202220467,10887889,,26.6496390402537,0.06,AUTO,100,,0,USD,NONE,,05/26/26
MODR,Filled,ICBI,Buy,DG,UN,800,MKT,DAY,800,104.91,,,,,,0.0722841952527129,1106742.625,,46.2550033535482,0.04,AUTO,100,Consumer Staples,0,USD,NONE,,05/26/26
MODR,Filled,ICBI,Sell,GOOG,UW,150,MKT,DAY,150,382.86,,,,,,0.001781861222946,8418164,,32.7753573050057,0.06,AUTO,100,Communication Services,0,USD,NONE,,05/22/26
MODR,Filled,ICBI,Buy,INFL,UP,941,MKT,DAY,941,53.14,,,,,,2.24830238218546,41853.80078125,,16.7350005960293,0.13,AUTO,100,,0,USD,NONE,,05/22/26
MODR,Filled,ICBI,Sell,VUG,UP,1140,MKT,DAY,1140,87.9,,,,,,0.0918348543481085,1241358.75,,21.012012828998,0.02,AUTO,100,,0,USD,NONE,,05/22/26
MODR,Filled,ICBI,Buy,INFL,UP,957,MKT,DAY,957,53.16,,,,,,2.28653069049042,41853.80078125,,16.7350005960293,0.13,AUTO,100,,0,USD,NONE,,05/21/26
MODR,Filled,ICBI,Sell,MCHI,UQ,1390,MKT,DAY,1390,55.53,,,,,,0.199127046368398,698046.8125,,22.6147359162623,0.01,AUTO,100,,0,USD,NONE,,05/21/26
MODR,Filled,ICBI,Buy,SPY,UP,67,MKT,DAY,67,738.69,,,,,,0.000617269050627302,10854262,,14.9237476209207,0.02,AUTO,100,,0,USD,NONE,,05/21/26
MODR,Filled,ICBI,Buy,SPY,UP,53,MKT,DAY,53,738.69,,,,,,0.000488287457958911,10854262,,14.9237476209207,0.02,AUTO,100,,0,USD,NONE,,05/21/26
MODR,Filled,ICBI,Buy,INFL,UP,751,MKT,DAY,751,53.16,,,,,,1.79434122106406,41853.80078125,,16.7350005960293,0.13,AUTO,100,,0,USD,NONE,,05/21/26
MODR,Filled,ICBI,Buy,SRUUF,UV,646,MKT,DAY,646,19.53653251,,,,,,0.181724886701056,355482.40625,,29.0221168134432,,AUTO,100,,0,USD,NONE,,05/21/26
MODR,Filled,ICBI,Buy,INFL,UP,1509,53,GTC,1509,53,,,,,,3.60540732701154,41853.80078125,,16.7350005960293,0.13,MAN,100,,0,USD,NONE,,05/21/26
MODR,Filled,ICBI,Sell,QURE,UW,750,29,GTD,750,29.0005,,,,,,0.105240651166005,712652.375,,190.378874420247,0.05,MAN,100,Health Care,0,USD,NONE,,05/20/26
MODR,Filled,ICBI,Sell,SPRO,US,10000,3,GTD,10000,3.0004,,,,,,0.538709039005699,1856289.625,,109.436266413978,0.01,MAN,100,Health Care,0,USD,NONE,,05/20/26
MODR,Filled,ICBI,Buy,LLY,UN,39,MKT,DAY,39,1017.49,,,,,,0.00441409689947184,883532.9375,,30.2907583729295,0.69,AUTO,100,Health Care,0,USD,NONE,,05/14/26
MODR,Filled,ICBI,Sell,GOOG,UW,50,MKT,DAY,50,393.97,,,,,,0.000593953740982,8418164,,32.7753573050057,0.06,AUTO,100,Communication Services,0,USD,NONE,,05/14/26
MODR,Filled,ICBI,Buy,V,UN,95,315,GTC,95,315,,,,,,0.00318989334339773,2978156,,20.6362547489802,0.18,MAN,100,Financials,0,USD,NONE,,05/14/26
MODR,Filled,ICBI,Buy,SPY,UP,60,MKT,DAY,60,738.37,,,,,,0.000552778254293106,10854262,,14.9237476209207,0.02,AUTO,100,,0,USD,NONE,,05/13/26
MODR,Filled,ICBI,Sell,BLK,UN,800,MKT,DAY,800,1086.54,,,,,,0.360653188005126,221819.75,,26.7628866169856,0.67,AUTO,100,Financials,0,USD,NONE,,05/13/26
MODR,Filled,ICBI,Sell,NOW,UN,50,MKT,DAY,50,88.41,,,,,,0.000814769356720038,6136706,,80.5392429029302,0.01,AUTO,100,Information Technology,0,USD,NONE,,05/13/26
MODR,Filled,ICBI,Buy,QQQ,UQ,35,MKT,DAY,35,709.75,,,,,,0.000321458089809696,10887889,,26.6496390402537,0.06,AUTO,100,,0,USD,NONE,,05/13/26
MODR,Filled,ICBI,Buy,QQQ,UQ,120,MKT,DAY,120,709.75,,,,,,0.00110214202220467,10887889,,26.6496390402537,0.06,AUTO,100,,0,USD,NONE,,05/13/26
MODR,Filled,CICF,Sell,300347,C2,30000,MKT,DAY,30000,47.910367,,,,,,0.146120500706249,20531000,,43.53094,0.01,MAN,100,Health Care,0,CNY,,,05/13/26
MODR,Filled,ICBI,Buy,INFL,UP,528,53,GTC,528,53,,,,,,1.26153417406368,41853.80078125,,16.7350005960293,0.13,MAN,100,,0,USD,NONE,,05/12/26
MODR,Filled,ICBI,Buy,ISRG,UW,71,MKT,DAY,71,423.16,,,,,,0.00760023105772871,934182.125,,38.4410178463567,0.07,AUTO,100,Health Care,0,USD,NONE,,05/12/26
MODR,Filled,ICBI,Sell,VOO,UP,25,MKT,DAY,25,677.53,,,,,,0.00220394150695162,1134331.375,,14.9497810328303,0.06,AUTO,100,,0,USD,NONE,,05/12/26
MODR,Filled,BTIA,Buy,3905,JT,2000,MKT,DAY,2000,2311.435,,,,,,0.0556716928926733,3592490,,176.6471,10,ANY,100,Information Technology,0,JPY,CARE,,05/12/26
MODR,Filled,BTIA,Buy,3905,JT,1300,MKT,DAY,1300,2268.307692,,,,,,0.0361866003802377,3592490,,176.6471,10,ANY,100,Information Technology,0,JPY,CARE,,05/12/26
MODR,Filled,ICBI,Buy,SMH,UQ,54,MKT,DAY,54,551.91,,,,,,0.00216102821722576,2498810.5,,55.8821326962082,0.89,AUTO,100,,0,USD,NONE,,05/08/26
MODR,Filled,ICBI,Buy,LLY,UN,40,MKT,DAY,40,974.07,,,,,,0.00452727887125317,883532.9375,,30.2907583729295,0.69,AUTO,100,Health Care,0,USD,NONE,,05/08/26
MODR,Filled,ICBI,Buy,QQQ,UQ,35,MKT,DAY,35,699.84,,,,,,0.000321458089809696,10887889,,26.6496390402537,0.06,AUTO,100,,0,USD,NONE,,05/08/26
MODR,Filled,ICBI,Buy,MSFT,UW,71,MKT,DAY,71,416.51,,,,,,0.000565127704534043,12563532,,35.5249743262538,0.04,AUTO,100,Information Technology,0,USD,NONE,,05/08/26
MODR,Filled,ICBI,Buy,SRUUF,UV,1535,MKT,DAY,1535,20.14,,,,,,0.431807586820621,355482.40625,,29.0221168134432,,AUTO,100,,0,USD,NONE,,05/08/26
MODR,Filled,ICBI,Buy,PAVE,UF,2633,MKT,DAY,2633,57.32,,,,,,1.67453592821214,157237.59375,,22.8223966938146,0.03,AUTO,100,,0,USD,NONE,,05/08/26
MODR,Filled,ICBI,Buy,PAVE,UF,263,MKT,DAY,263,57.32,,,,,,0.167262798754194,157237.59375,,22.8223966938146,0.03,AUTO,100,,0,USD,NONE,,05/08/26
MODR,Filled,ICBI,Buy,MSFT,UW,35,MKT,DAY,35,416.51,,,,,,0.000278584079699881,12563532,,35.5249743262538,0.04,AUTO,100,Information Technology,0,USD,NONE,,05/08/26
MODR,Filled,ICBI,Buy,ISRG,UW,99,MKT,DAY,99,454.31,,,,,,0.0105975052776781,934182.125,,38.4410178463567,0.07,AUTO,100,Health Care,0,USD,NONE,,05/08/26
MODR,Filled,ICBI,Sell,MCHI,UQ,1371,MKT,DAY,1371,58.66,,,,,,0.19640516587847,698046.8125,,22.6147359162623,0.01,AUTO,100,,0,USD,NONE,,05/08/26
MODR,Filled,ICBI,Buy,COWZ,UF,631,MKT,DAY,631,63.35,,,,,,0.718001281002186,87882.8515625,,12.2724471353339,0.02,AUTO,100,,0,USD,NONE,,05/08/26
MODR,Filled,ICBI,Sell,9888,HK,2500,MKT,DAY,2500,143.3,,,,,,0.0180990233766986,13812900,,43.16741,0.1,AUTO,100,Communication Services,0,HKD,NONE,,05/08/26
